frame,presentation_seconds,host_seconds,width,height,center
0,885163.0156333334,885163.045987958,1920,1080,41.81
1,885163.0326333334,885163.066624375,1920,1080,41.7075
2,885163.0496333333,885163.078392833,1920,1080,41.735
3,885163.0656333333,885163.099072083,1920,1080,41.695
4,885163.0826333333,885163.111434833,1920,1080,41.535
5,885163.0996333334,885163.129353166,1920,1080,41.7
6,885163.1166333334,885163.142944208,1920,1080,41.59
7,885163.1326333333,885163.1617215,1920,1080,41.5875
8,885163.1496666666,885163.177947916,1920,1080,41.59
9,885163.1666333333,885163.194372416,1920,1080,41.4675
10,885163.1826666667,885163.212113666,1920,1080,41.51
11,885163.1996333334,885163.224073708,1920,1080,41.53
12,885163.2156666666,885163.241732458,1920,1080,41.4275
13,885163.2326666666,885163.261241916,1920,1080,41.485
14,885163.2496666666,885163.271547875,1920,1080,41.4325
15,885163.2656333334,885163.288326708,1920,1080,41.455
16,885163.2826333334,885163.303851083,1920,1080,41.3925
17,885163.2996666667,885163.3204935,1920,1080,41.42
18,885163.3156666667,885163.336458958,1920,1080,41.4625
19,885163.3326333333,885163.352765708,1920,1080,41.43
20,885163.3486333333,885163.369597,1920,1080,41.4375
21,885163.3656333333,885163.40137925,1920,1080,41.3575
22,885163.3826333333,885163.416158666,1920,1080,41.225
23,885163.3986333334,885163.433741666,1920,1080,41.315
24,885163.4156333334,885163.447973416,1920,1080,41.265
25,885163.4326333334,885163.464747333,1920,1080,41.2375
26,885163.4486333333,885163.486967208,1920,1080,41.3225
27,885163.4656333333,885163.500815083,1920,1080,41.315
28,885163.4816333334,885163.513225291,1920,1080,41.2825
29,885163.4986333334,885163.528530458,1920,1080,41.23
30,885163.5156333334,885163.542771708,1920,1080,41.305
31,885163.5326333334,885163.5597055,1920,1080,41.295
32,885163.5486333333,885163.578675958,1920,1080,41.2975
33,885163.5656333333,885163.591348458,1920,1080,41.3175
34,885163.5826333333,885163.608076625,1920,1080,41.315
35,885163.5986333333,885163.624939416,1920,1080,41.4375
36,885163.6156333333,885163.640289708,1920,1080,42.7175
37,885163.6326333333,885163.655012375,1920,1080,64.4175
38,885163.6486333334,885163.675602375,1920,1080,73.6525
39,885163.6656333334,885163.692967125,1920,1080,79.0575
40,885163.6816333333,885163.705601,1920,1080,84.275
41,885163.6986333333,885163.722736458,1920,1080,87.1175
42,885163.7156333333,885163.733963416,1920,1080,88.91
43,885163.7316333334,885163.750074,1920,1080,90.5375
44,885163.7486333334,885163.771956,1920,1080,92.2075
45,885163.7656333334,885163.789395541,1920,1080,93.385
46,885163.7816333333,885163.815727041,1920,1080,94.4425
47,885163.7986333333,885163.831488041,1920,1080,95.64
48,885163.8146333334,885163.855290541,1920,1080,96.3325
49,885163.8316333333,885163.862287916,1920,1080,97.5275
50,885163.8486333333,885163.883466583,1920,1080,97.9325
51,885163.8646333333,885163.895311375,1920,1080,98.575
52,885163.8816333333,885163.912125833,1920,1080,99.2025
53,885163.8986333334,885163.9265135,1920,1080,99.37
54,885163.9146333333,885163.944691875,1920,1080,99.57
55,885163.9316333333,885163.959662583,1920,1080,100.0575
56,885163.9476333334,885163.978367875,1920,1080,100.4775
57,885163.9646333334,885163.990819916,1920,1080,100.5725
58,885163.9826333333,885164.008088833,1920,1080,100.81
59,885163.9986333334,885164.022966458,1920,1080,100.865
60,885164.0156333334,885164.040721875,1920,1080,101.205
61,885164.0326333334,885164.055173333,1920,1080,101.42
62,885164.0486333333,885164.076892083,1920,1080,101.6175
63,885164.0656666667,885164.087697333,1920,1080,101.7375
64,885164.0816333333,885164.105371625,1920,1080,102.0175
65,885164.0986333333,885164.123945416,1920,1080,102.0875
66,885164.1156333333,885164.136228291,1920,1080,102.2125
67,885164.1316333333,885164.150880041,1920,1080,102.4175
68,885164.1486333334,885164.170395625,1920,1080,102.4125
69,885164.1656333334,885164.1837735,1920,1080,102.57
70,885164.1826333334,885164.215023541,1920,1080,102.65
71,885164.1986333333,885164.2313875,1920,1080,102.74
72,885164.2156333333,885164.253105875,1920,1080,102.73
73,885164.2326333333,885164.263822416,1920,1080,102.8425
74,885164.2496333333,885164.284025458,1920,1080,102.8775
75,885164.2656333334,885164.296998541,1920,1080,102.9075
76,885164.2826333334,885164.310859916,1920,1080,103.0325
77,885164.2996333333,885164.328473625,1920,1080,103.0125
78,885164.3156333333,885164.344580333,1920,1080,103.095
79,885164.3326333333,885164.361358666,1920,1080,103.1575
80,885164.3486333333,885164.379223,1920,1080,103.2025
81,885164.3656333333,885164.392074583,1920,1080,103.18
82,885164.3826333333,885164.409485041,1920,1080,103.305
83,885164.3986333334,885164.42309575,1920,1080,103.2625
84,885164.4156333334,885164.440863208,1920,1080,103.1825
85,885164.4326333334,885164.454837791,1920,1080,103.3225
86,885164.4486333333,885164.471736583,1920,1080,103.3475
87,885164.4656333333,885164.491833833,1920,1080,103.4225
88,885164.4816333334,885164.509274041,1920,1080,103.4125
89,885164.4986333334,885164.521064833,1920,1080,103.395
90,885164.5156333334,885164.537327458,1920,1080,103.29
91,885164.5316333333,885164.551278375,1920,1080,103.34
92,885164.5486333333,885164.570084,1920,1080,103.4325
93,885164.5656333333,885164.583258083,1920,1080,103.44
94,885164.5816333333,885164.61957975,1920,1080,103.5575
95,885164.5986333333,885164.630202375,1920,1080,103.51
96,885164.6146333333,885164.646905583,1920,1080,103.4975
97,885164.6316333333,885164.66260925,1920,1080,103.465
98,885164.6486333334,885164.679724875,1920,1080,69.895
99,885164.6646333333,885164.695714208,1920,1080,49.0175
100,885164.6816333333,885164.716207208,1920,1080,44.76
101,885164.6986333333,885164.733654791,1920,1080,43.905
102,885164.7146333334,885164.743985125,1920,1080,43.9
103,885164.7316333334,885164.759363125,1920,1080,43.4575
104,885164.7476333333,885164.778064458,1920,1080,43.6375
105,885164.7656333334,885164.793133916,1920,1080,43.665
106,885164.7816333333,885164.806655833,1920,1080,43.54
107,885164.7986333333,885164.822519666,1920,1080,43.29
108,885164.8146333334,885164.840835583,1920,1080,43.0725
109,885164.8316333333,885164.855132333,1920,1080,43.075
110,885164.8486333333,885164.87249475,1920,1080,42.7225
111,885164.8646333333,885164.889118666,1920,1080,42.64
112,885164.8816333333,885164.910295666,1920,1080,42.4775
113,885164.8986333334,885164.928311375,1920,1080,42.5875
114,885164.9146333333,885164.940267041,1920,1080,42.52
115,885164.9316333333,885164.953284833,1920,1080,42.6175
116,885164.9486333333,885164.967855958,1920,1080,42.6
117,885164.9656333333,885164.986814625,1920,1080,42.5275
118,885164.9816333334,885165.017579,1920,1080,42.635
119,885164.9986333334,885165.032820083,1920,1080,42.56
120,885165.0146333333,885165.04825825,1920,1080,42.575
121,885165.0316333333,885165.064623416,1920,1080,42.565
122,885165.0486333333,885165.080820708,1920,1080,42.56
123,885165.0646333334,885165.096441041,1920,1080,42.57
124,885165.0816333333,885165.116381791,1920,1080,42.4975
125,885165.0986333333,885165.127276666,1920,1080,42.5
126,885165.1156333333,885165.143839458,1920,1080,42.525
127,885165.1316333333,885165.159789791,1920,1080,42.4675
128,885165.1486333334,885165.177618416,1920,1080,42.4275
129,885165.1656333334,885165.19465275,1920,1080,42.4525
130,885165.1826333334,885165.21137925,1920,1080,42.44
131,885165.1986333333,885165.22518975,1920,1080,42.27
132,885165.2156333333,885165.24084425,1920,1080,42.34
133,885165.2326333333,885165.256344666,1920,1080,42.3425
134,885165.2486333334,885165.272070833,1920,1080,42.35
135,885165.2656333334,885165.287968166,1920,1080,42.3625
136,885165.2816333333,885165.308234291,1920,1080,42.3525
137,885165.2986333333,885165.321005416,1920,1080,42.4175
138,885165.3156333333,885165.33539075,1920,1080,42.4425
139,885165.3316333333,885165.353338416,1920,1080,42.47
140,885165.3486333333,885165.369457791,1920,1080,42.42
141,885165.3656333333,885165.385057166,1920,1080,42.4675
142,885165.3816333333,885165.416785125,1920,1080,42.5025
143,885165.3986333334,885165.439039041,1920,1080,42.4325
144,885165.4146333333,885165.446057583,1920,1080,42.405
145,885165.4316333333,885165.463589916,1920,1080,42.44
146,885165.4486333333,885165.480882625,1920,1080,42.4225
147,885165.4646333334,885165.495898625,1920,1080,42.445
148,885165.4816333334,885165.51684375,1920,1080,42.415
149,885165.4986333334,885165.527497208,1920,1080,42.385
150,885165.5156333334,885165.54249775,1920,1080,46.8975
151,885165.5316333333,885165.559362791,1920,1080,76.44
152,885165.5486333333,885165.57716725,1920,1080,86.98
153,885165.5656333333,885165.593833666,1920,1080,92.3425
154,885165.5816333333,885165.608322625,1920,1080,95.1125
155,885165.5986333333,885165.622572958,1920,1080,96.635
156,885165.6146333333,885165.639287041,1920,1080,97.79
157,885165.6316333333,885165.655268916,1920,1080,98.5075
158,885165.6486333334,885165.673032083,1920,1080,99.22
159,885165.6646333333,885165.689048291,1920,1080,99.7675
160,885165.6816333333,885165.707686791,1920,1080,100.2275
161,885165.6986333333,885165.720684,1920,1080,100.4125
162,885165.7146333334,885165.736581833,1920,1080,100.5325
163,885165.7316333334,885165.751965208,1920,1080,100.7925
164,885165.7476333333,885165.771123375,1920,1080,101.11
165,885165.7646333333,885165.784219041,1920,1080,101.545
166,885165.7816333333,885165.802800083,1920,1080,101.51
167,885165.7986333333,885165.833331375,1920,1080,101.59
168,885165.8156333333,885165.851878708,1920,1080,101.635
169,885165.8326333333,885165.864731958,1920,1080,101.71
170,885165.8486333333,885165.880912541,1920,1080,101.54
171,885165.8656333333,885165.897367208,1920,1080,101.4575
172,885165.8816333333,885165.916888541,1920,1080,101.385
173,885165.8986333334,885165.927589208,1920,1080,101.4025
174,885165.9176333334,885165.946995541,1920,1080,101.3325
175,885165.9336333333,885165.961364625,1920,1080,101.24
176,885165.9506333333,885165.9797115,1920,1080,101.2875
177,885165.9676333333,885165.993511541,1920,1080,101.2675
178,885165.9846333333,885166.009734458,1920,1080,101.3325
179,885166.0006333333,885166.02423275,1920,1080,101.4075
180,885166.0176333333,885166.040609916,1920,1080,101.3475
181,885166.0346333333,885166.057214291,1920,1080,101.38
182,885166.0516333333,885166.07301525,1920,1080,101.245
183,885166.0676333334,885166.0886335,1920,1080,101.2625
184,885166.0846333334,885166.106706333,1920,1080,101.2525
185,885166.1016333334,885166.119551958,1920,1080,101.115
186,885166.1176333333,885166.151440208,1920,1080,101.2175
187,885166.1346333333,885166.169509208,1920,1080,101.225
188,885166.1506333334,885166.183824291,1920,1080,101.2125
189,885166.1676333334,885166.201778208,1920,1080,101.215
190,885166.1846333334,885166.220708166,1920,1080,101.18
191,885166.2006333333,885166.232357791,1920,1080,101.21
192,885166.2176333333,885166.246324333,1920,1080,101.155
193,885166.2346333333,885166.26281925,1920,1080,101.175
194,885166.2506333333,885166.2797065,1920,1080,101.1225
195,885166.2676333333,885166.295782458,1920,1080,101.125
196,885166.2836333333,885166.311989416,1920,1080,101.2675
197,885166.3006333334,885166.331851333,1920,1080,101.2425
198,885166.3176333334,885166.343296583,1920,1080,101.16
199,885166.3336333333,885166.359580833,1920,1080,101.29
200,885166.3506333333,885166.37954025,1920,1080,101.1425
201,885166.3676333333,885166.393609166,1920,1080,80.3925
202,885166.3836333334,885166.408107,1920,1080,70.6175
203,885166.4006333334,885166.424083,1920,1080,70.115
204,885166.4166333333,885166.441080416,1920,1080,69.895
205,885166.4336333333,885166.456521708,1920,1080,70.34
206,885166.4506333333,885166.472632416,1920,1080,70.11
207,885166.4666333334,885166.489095041,1920,1080,70.7075
208,885166.4836333334,885166.506197625,1920,1080,70.305
209,885166.5006333333,885166.52336475,1920,1080,70.1225
210,885166.5166333333,885166.536945375,1920,1080,70.6025
211,885166.5336333333,885166.569562625,1920,1080,69.93
212,885166.5496333333,885166.583016791,1920,1080,69.92
213,885166.5666333333,885166.60029875,1920,1080,69.7525
214,885166.5836333333,885166.615179625,1920,1080,69.945
215,885166.5996333334,885166.631023,1920,1080,70.0875
216,885166.6166333334,885166.646386625,1920,1080,69.955
217,885166.6336333334,885166.662591,1920,1080,69.66
218,885166.6496333333,885166.679365541,1920,1080,69.68
219,885166.6666333333,885166.697125958,1920,1080,69.455
220,885166.6826333334,885166.712853125,1920,1080,69.9175
221,885166.6996333334,885166.727455833,1920,1080,69.8425
222,885166.7166333334,885166.746277125,1920,1080,69.7175
223,885166.7326333333,885166.761311833,1920,1080,69.68
224,885166.7496333333,885166.778563625,1920,1080,69.65
225,885166.7666333333,885166.793877416,1920,1080,69.6425
226,885166.7826333334,885166.812510791,1920,1080,69.6175
227,885166.7996333333,885166.825348125,1920,1080,69.7775
228,885166.8156333333,885166.841461541,1920,1080,69.7225
229,885166.8326333333,885166.856393791,1920,1080,69.79
230,885166.8496333334,885166.872307791,1920,1080,69.8275
231,885166.8656333333,885166.888583,1920,1080,69.6375
232,885166.8826333333,885166.905692833,1920,1080,69.6625
233,885166.8996333333,885166.921669416,1920,1080,69.885
234,885166.9156333334,885166.939923083,1920,1080,69.625
235,885166.9326333334,885166.955634041,1920,1080,69.7925
236,885166.9486333333,885166.971434333,1920,1080,69.8575
237,885166.9656333333,885167.003153,1920,1080,69.8125
238,885166.9826333333,885167.016043875,1920,1080,69.7325
239,885166.9986333334,885167.032858541,1920,1080,69.5975
240,885167.0156333334,885167.048866416,1920,1080,69.69
241,885167.0326333334,885167.063819333,1920,1080,69.6475
242,885167.0486333333,885167.080997208,1920,1080,69.8525
243,885167.0656333333,885167.0965845,1920,1080,69.7375
244,885167.0816333333,885167.112237,1920,1080,69.705
245,885167.0986333333,885167.127456958,1920,1080,69.73
246,885167.1156333333,885167.143160875,1920,1080,70.005
247,885167.1316333333,885167.159957666,1920,1080,70.015
248,885167.1486333334,885167.181940666,1920,1080,69.8125
249,885167.1656333334,885167.196029833,1920,1080,69.8925
250,885167.1816,885167.208097958,1920,1080,69.7975
251,885167.1986,885167.222880166,1920,1080,69.815
252,885167.2146333334,885167.240697875,1920,1080,69.925
253,885167.2316333334,885167.260228,1920,1080,69.935
254,885167.2486333334,885167.271834416,1920,1080,70.0475
255,885167.2646333333,885167.28704625,1920,1080,70.0075
256,885167.2816333333,885167.302916083,1920,1080,70.29
257,885167.2986,885167.320339541,1920,1080,69.78
258,885167.3146333334,885167.336763,1920,1080,70.07
259,885167.3316333333,885167.352108041,1920,1080,69.9275
260,885167.3476,885167.372668666,1920,1080,69.9875
261,885167.3646,885167.387739541,1920,1080,70.04
262,885167.3816,885167.404688875,1920,1080,70.0325
263,885167.3976,885167.432756208,1920,1080,70.1825
264,885167.4156,885167.449125333,1920,1080,69.9775
265,885167.4326,885167.463370583,1920,1080,70.0375
266,885167.4486,885167.481060208,1920,1080,69.9575
267,885167.4656,885167.498522583,1920,1080,69.93
268,885167.4816333334,885167.51156575,1920,1080,71.94
269,885167.4986,885167.5294165,1920,1080,73.09
270,885167.5156,885167.543142208,1920,1080,90.8575
271,885167.5316333333,885167.559999125,1920,1080,95.34
272,885167.5486,885167.577842166,1920,1080,97.385
273,885167.5656333333,885167.597784,1920,1080,97.825
274,885167.5826,885167.613216666,1920,1080,98.405
275,885167.5986,885167.623104166,1920,1080,98.825
276,885167.6156333333,885167.640629625,1920,1080,99.3275
277,885167.6326,885167.655887166,1920,1080,99.7225
278,885167.6486,885167.67200275,1920,1080,99.9625
279,885167.6656,885167.68899325,1920,1080,100.325
280,885167.6816,885167.703305458,1920,1080,100.5875
281,885167.6986,885167.720955583,1920,1080,100.76
282,885167.7156,885167.738715916,1920,1080,100.9525
283,885167.7326,885167.754775375,1920,1080,100.985
284,885167.7496,885167.786484333,1920,1080,101.1075
285,885167.7666,885167.805164583,1920,1080,100.99
286,885167.7826,885167.819575791,1920,1080,100.85
287,885167.7996333333,885167.831924583,1920,1080,100.9275
288,885167.8156,885167.848681875,1920,1080,100.5225
289,885167.8326,885167.865562,1920,1080,100.475
290,885167.8496,885167.880634875,1920,1080,100.3775
291,885167.8656,885167.896482041,1920,1080,100.495
292,885167.8826333333,885167.913124791,1920,1080,100.54
293,885167.8996,885167.930923958,1920,1080,100.4575
294,885167.9156,885167.9438365,1920,1080,100.7225
295,885167.9326,885167.961180916,1920,1080,100.795
296,885167.9486,885167.980855958,1920,1080,100.8225
297,885167.9656,885167.992573416,1920,1080,100.9275
298,885167.9826,885168.016344083,1920,1080,100.9225
299,885167.9986,885168.025403291,1920,1080,101.08
300,885168.0156,885168.0422035,1920,1080,101.13
301,885168.0326,885168.056588958,1920,1080,101.1775
302,885168.0486,885168.071645083,1920,1080,101.2775
303,885168.0656,885168.08681075,1920,1080,101.245
304,885168.0816,885168.102811208,1920,1080,101.325
305,885168.0986,885168.118817333,1920,1080,101.32
306,885168.1156,885168.136713791,1920,1080,101.3475
307,885168.1316,885168.152111458,1920,1080,101.36
308,885168.1486,885168.169783041,1920,1080,101.375
309,885168.1656,885168.185861333,1920,1080,101.34
310,885168.1816,885168.218771333,1920,1080,101.27
311,885168.1986,885168.234275833,1920,1080,101.375
312,885168.2146,885168.255298875,1920,1080,101.4975
313,885168.2316,885168.261905291,1920,1080,101.52
314,885168.2486,885168.279708416,1920,1080,101.5375
315,885168.2646,885168.297205583,1920,1080,101.6425
316,885168.2816,885168.312431291,1920,1080,101.575
317,885168.2986,885168.329477458,1920,1080,101.605
318,885168.3156,885168.344896375,1920,1080,101.755
319,885168.3316,885168.361360125,1920,1080,101.6375
320,885168.3486,885168.377876708,1920,1080,101.7425
321,885168.3656,885168.392233708,1920,1080,101.75
322,885168.3826,885168.411235208,1920,1080,101.8175
323,885168.3996,885168.428198666,1920,1080,101.765
324,885168.4156333334,885168.445800083,1920,1080,101.6775
325,885168.4326,885168.454580875,1920,1080,101.7125
326,885168.4496,885168.47167425,1920,1080,101.7225
327,885168.4656,885168.489092041,1920,1080,101.67
328,885168.4826,885168.503462416,1920,1080,101.6275
329,885168.4996,885168.520804833,1920,1080,101.655
330,885168.5156,885168.536677458,1920,1080,101.6325
331,885168.5326,885168.553276916,1920,1080,101.64
332,885168.5486,885168.569337666,1920,1080,101.685
333,885168.5656,885168.600729291,1920,1080,101.7375
334,885168.5826,885168.6148515,1920,1080,83.7175
335,885168.5986,885168.632205625,1920,1080,49.16
336,885168.6156,885168.653652583,1920,1080,43.655
337,885168.6326,885168.663177416,1920,1080,43.535
338,885168.6486,885168.678383833,1920,1080,43.4825
339,885168.6656,885168.697026416,1920,1080,43.26
340,885168.6816,885168.711877416,1920,1080,43.4575
341,885168.6986,885168.729946125,1920,1080,43.5725
342,885168.7156,885168.7434805,1920,1080,43.56
343,885168.7316,885168.761038166,1920,1080,43.215
344,885168.7486,885168.779546083,1920,1080,43.2975
345,885168.7656,885168.793319416,1920,1080,43.2475
346,885168.7816,885168.812413958,1920,1080,43.11
347,885168.7986,885168.82475775,1920,1080,43.01
348,885168.8146,885168.84168925,1920,1080,42.9575
349,885168.8316,885168.861211708,1920,1080,42.8875
350,885168.8486,885168.87796325,1920,1080,42.8525
351,885168.8656,885168.888465708,1920,1080,42.885
352,885168.8816,885168.904775625,1920,1080,42.9725
353,885168.8986,885168.920632875,1920,1080,42.855
354,885168.9156,885168.936785791,1920,1080,42.8625
355,885168.9326,885168.953866208,1920,1080,42.9875
356,885168.9496,885168.984859916,1920,1080,42.9425
357,885168.9666,885169.002058791,1920,1080,42.94
358,885168.9826,885169.019333583,1920,1080,42.895
359,885168.9996,885169.0340255,1920,1080,42.9175
360,885169.0156,885169.051098125,1920,1080,42.955
361,885169.0326,885169.069161125,1920,1080,42.9675
362,885169.0496,885169.080315333,1920,1080,42.905
363,885169.0656,885169.094835375,1920,1080,42.91
364,885169.0826,885169.111324916,1920,1080,42.8875
365,885169.0996,885169.127662583,1920,1080,42.8125
366,885169.1156,885169.142911916,1920,1080,42.98
367,885169.1326,885169.159988041,1920,1080,43.085
368,885169.1486,885169.175366791,1920,1080,43.0575
369,885169.1656,885169.193114666,1920,1080,42.88
370,885169.1826,885169.213223166,1920,1080,42.855
371,885169.1986,885169.222672625,1920,1080,42.855
372,885169.2156,885169.238399166,1920,1080,42.8
373,885169.2326,885169.261100333,1920,1080,42.84
374,885169.2486,885169.27072025,1920,1080,42.8825
375,885169.2656,885169.290241375,1920,1080,42.795
376,885169.2816,885169.30261075,1920,1080,42.855
377,885169.2986,885169.319464708,1920,1080,42.73
378,885169.3156,885169.335291333,1920,1080,42.8675
379,885169.3316,885169.352742791,1920,1080,42.8125
380,885169.3486,885169.368479708,1920,1080,42.855
381,885169.3656,885169.385383666,1920,1080,42.9375
382,885169.3816,885169.416067416,1920,1080,42.9125
383,885169.3986,885169.433618791,1920,1080,42.935
384,885169.4146,885169.447642208,1920,1080,42.875
385,885169.4316,885169.462416541,1920,1080,42.7775
386,885169.4486,885169.485461625,1920,1080,42.77
387,885169.4656,885169.495351833,1920,1080,42.8175
388,885169.4816,885169.511063875,1920,1080,42.6925
389,885169.4986,885169.528311166,1920,1080,42.765
390,885169.5156,885169.544145125,1920,1080,42.8125
391,885169.5316,885169.56051725,1920,1080,42.765
392,885169.5486,885169.575920916,1920,1080,42.795
393,885169.5656,885169.592825875,1920,1080,42.75
394,885169.5816,885169.608147791,1920,1080,42.835
395,885169.5986,885169.622903625,1920,1080,42.7675
396,885169.6146,885169.639200041,1920,1080,42.7025
397,885169.6316,885169.655188625,1920,1080,42.815
398,885169.6486,885169.674838375,1920,1080,42.8825
399,885169.6646,885169.689899416,1920,1080,42.775
400,885169.6816,885169.704498666,1920,1080,42.7475
401,885169.6986,885169.720751875,1920,1080,42.735
402,885169.7146,885169.737137375,1920,1080,48.115
403,885169.7316,885169.753785166,1920,1080,49.3475
404,885169.7486,885169.772003791,1920,1080,77.78
405,885169.7656,885169.786807583,1920,1080,90.2875
406,885169.7816,885169.816800041,1920,1080,96.5225
407,885169.7986,885169.833589875,1920,1080,97.27
408,885169.8146,885169.85136625,1920,1080,98.7525
409,885169.8316,885169.86406025,1920,1080,99.21
410,885169.8486,885169.8848225,1920,1080,99.72
411,885169.8646,885169.897561083,1920,1080,100.2525
412,885169.8816,885169.912244583,1920,1080,100.56
413,885169.8986,885169.928338291,1920,1080,101.12
414,885169.9146,885169.942492083,1920,1080,101.28
415,885169.9316,885169.959119916,1920,1080,101.4475
416,885169.9476,885169.975527083,1920,1080,101.8775
417,885169.9646,885169.991864666,1920,1080,101.76
418,885169.9816,885170.009056958,1920,1080,101.475
419,885169.9986,885170.023281416,1920,1080,101.6925
420,885170.0146,885170.040466625,1920,1080,100.8225
421,885170.0316,885170.054924666,1920,1080,100.9425
422,885170.0486,885170.077102208,1920,1080,99.1125
423,885170.0646,885170.089001166,1920,1080,98.9425
424,885170.0816,885170.105181583,1920,1080,98.785
425,885170.0986,885170.120554916,1920,1080,98.725
426,885170.1146,885170.137464916,1920,1080,98.815
427,885170.1316,885170.152082875,1920,1080,99.2775
428,885170.1476,885170.168193166,1920,1080,99.5725
429,885170.1656,885170.200265208,1920,1080,99.8425
430,885170.1826,885170.220579916,1920,1080,100.1175
431,885170.1986,885170.230527041,1920,1080,100.2925
432,885170.2156,885170.250990291,1920,1080,100.555
433,885170.2326,885170.262454458,1920,1080,100.6525
434,885170.2486,885170.284533291,1920,1080,100.77
435,885170.2656,885170.297276166,1920,1080,100.895
436,885170.2826,885170.310439625,1920,1080,100.9225
437,885170.2996,885170.328604791,1920,1080,101.2225
438,885170.3156,885170.343270458,1920,1080,101.22
439,885170.3326,885170.360084,1920,1080,101.2025
440,885170.3486,885170.375662875,1920,1080,101.2325
441,885170.3656,885170.392725958,1920,1080,101.3325
442,885170.3826,885170.409102041,1920,1080,101.42
443,885170.3986,885170.423280541,1920,1080,101.305
444,885170.4156,885170.440875125,1920,1080,101.42
445,885170.4326,885170.460419083,1920,1080,101.6575
446,885170.4486,885170.476269541,1920,1080,101.6125
447,885170.4656,885170.491481875,1920,1080,101.59
448,885170.4816,885170.507283833,1920,1080,101.54
449,885170.4986,885170.520638416,1920,1080,101.6625
450,885170.5156,885170.537360291,1920,1080,101.6725
451,885170.5316,885170.551293041,1920,1080,101.6925
452,885170.5486,885170.569603041,1920,1080,101.735
453,885170.5656,885170.585816625,1920,1080,101.8825
454,885170.5816,885170.615307291,1920,1080,101.7925
455,885170.5986,885170.632064833,1920,1080,101.8275
456,885170.6146,885170.647367041,1920,1080,101.865
457,885170.6316,885170.662444,1920,1080,101.8975
458,885170.6486,885170.683356916,1920,1080,101.895
459,885170.6646,885170.695547625,1920,1080,101.85
460,885170.6816,885170.713551,1920,1080,101.945
461,885170.6986,885170.729719583,1920,1080,101.97
462,885170.7146,885170.743169208,1920,1080,102.07
463,885170.7316,885170.761220791,1920,1080,101.895
464,885170.7476,885170.776371833,1920,1080,101.965
465,885170.7656,885170.793625541,1920,1080,102.0125
466,885170.7826,885170.810387625,1920,1080,102.05
467,885170.7986,885170.823415458,1920,1080,102.09
468,885170.8156,885170.840743333,1920,1080,102.07
469,885170.8326,885170.856606125,1920,1080,102.0825
470,885170.8486,885170.879385291,1920,1080,95.4175
471,885170.8656,885170.89429925,1920,1080,52.1625
472,885170.8816,885170.904411,1920,1080,43.415
473,885170.8986,885170.921925208,1920,1080,42.7
474,885170.9156,885170.938196458,1920,1080,42.7175
475,885170.9316,885170.95379075,1920,1080,42.8025
476,885170.9486,885170.970865416,1920,1080,42.6675
477,885170.9656,885170.988305791,1920,1080,42.595
478,885170.9816,885171.017855583,1920,1080,42.6375
479,885170.9986,885171.0343,1920,1080,42.77
480,885171.0146,885171.05134275,1920,1080,42.4475
481,885171.0316,885171.065280208,1920,1080,42.4525
482,885171.0486,885171.084397833,1920,1080,42.46
483,885171.0646,885171.094854083,1920,1080,42.2825
484,885171.0816,885171.111955125,1920,1080,42.325
485,885171.0986,885171.1277885,1920,1080,42.33
486,885171.1156,885171.143875375,1920,1080,42.29
487,885171.1316,885171.159805166,1920,1080,42.2475
488,885171.1486,885171.176149416,1920,1080,42.2525
489,885171.1656,885171.192368583,1920,1080,42.2375
490,885171.1816,885171.207376333,1920,1080,42.1925
491,885171.1986,885171.222685791,1920,1080,42.2425
492,885171.2146,885171.239217666,1920,1080,42.3425
493,885171.2316,885171.257697,1920,1080,42.3725
494,885171.2496,885171.274978125,1920,1080,42.3575
495,885171.2656,885171.289356375,1920,1080,42.445
496,885171.2826,885171.304164416,1920,1080,42.28
497,885171.2996,885171.320077041,1920,1080,42.2625
498,885171.3176,885171.335577791,1920,1080,42.2375
499,885171.3336,885171.368560958,1920,1080,42.345
500,885171.3506,885171.38461225,1920,1080,42.2575
501,885171.3676,885171.401346416,1920,1080,42.44
502,885171.3846,885171.416875291,1920,1080,42.2875
503,885171.4006,885171.433115833,1920,1080,42.3425
504,885171.4176,885171.449839125,1920,1080,42.41
505,885171.4346,885171.4626505,1920,1080,42.3025
506,885171.4506,885171.483890083,1920,1080,42.31
507,885171.4676,885171.495121541,1920,1080,42.2525
508,885171.4836,885171.511296208,1920,1080,42.275
509,885171.5006,885171.527947625,1920,1080,42.225
510,885171.5176,885171.542983083,1920,1080,42.27
511,885171.5336,885171.559989083,1920,1080,42.2925
512,885171.5506,885171.579151541,1920,1080,42.1925
513,885171.5676,885171.592600583,1920,1080,42.205
514,885171.5836,885171.6090735,1920,1080,42.28
515,885171.6006,885171.623472625,1920,1080,42.225
516,885171.6166,885171.64138625,1920,1080,42.28
517,885171.6336,885171.655140875,1920,1080,42.29
518,885171.6506,885171.675102375,1920,1080,42.2875
519,885171.6666,885171.690885958,1920,1080,42.2875
520,885171.6836,885171.703393333,1920,1080,42.3075
521,885171.7006,885171.721395583,1920,1080,42.2775
522,885171.7166,885171.736426416,1920,1080,42.325
523,885171.7336,885171.768313333,1920,1080,42.3
524,885171.7496,885171.783768833,1920,1080,42.31
525,885171.7666,885171.800089625,1920,1080,42.3825
526,885171.7836,885171.815704541,1920,1080,42.3475
527,885171.7996,885171.832697666,1920,1080,42.3375
528,885171.8166,885171.848509583,1920,1080,42.32
529,885171.8336,885171.862567625,1920,1080,42.255
530,885171.8496,885171.879910916,1920,1080,42.315
531,885171.8666,885171.901705708,1920,1080,42.3375
532,885171.8826,885171.911426041,1920,1080,42.265
533,885171.8996,885171.930401083,1920,1080,42.21
534,885171.9166,885171.944567291,1920,1080,42.2325
535,885171.9326,885171.961709083,1920,1080,42.25
536,885171.9496,885171.977027375,1920,1080,42.315
537,885171.9666,885171.99461125,1920,1080,42.215
538,885171.9826,885172.009592041,1920,1080,42.19
539,885171.9996,885172.024455291,1920,1080,42.25
540,885172.0156,885172.042128833,1920,1080,42.26
541,885172.0326,885172.057154083,1920,1080,46.4375
542,885172.0496,885172.073441041,1920,1080,47.275
543,885172.0656,885172.089174583,1920,1080,74.895
544,885172.0826,885172.1088465,1920,1080,90.835
545,885172.0996,885172.127630083,1920,1080,96.085
546,885172.1156,885172.139361,1920,1080,97.5375
547,885172.1325666667,885172.151824041,1920,1080,98.6175
548,885172.1485666666,885172.169837708,1920,1080,99.1425
549,885172.1656,885172.203156833,1920,1080,99.335
550,885172.1826,885172.216970041,1920,1080,99.66
551,885172.1986,885172.232376958,1920,1080,100.3575
552,885172.2156,885172.249301791,1920,1080,100.4575
553,885172.2326,885172.262996291,1920,1080,100.92
554,885172.2485666666,885172.279696416,1920,1080,101.095
555,885172.2656,885172.295596416,1920,1080,101.28
556,885172.2826,885172.315723,1920,1080,101.5475
557,885172.2996,885172.332362375,1920,1080,101.1675
558,885172.3166,885172.342950583,1920,1080,101.4975
559,885172.3325666666,885172.359250791,1920,1080,100.5725
560,885172.3496,885172.375444208,1920,1080,100.545
561,885172.3666,885172.392458125,1920,1080,98.69
562,885172.3826,885172.4089245,1920,1080,98.205
563,885172.3996,885172.423121666,1920,1080,98.03
564,885172.4155666666,885172.4404535,1920,1080,98.12
565,885172.4326,885172.456467333,1920,1080,98.1975
566,885172.4496,885172.47157375,1920,1080,99.045
567,885172.4666,885172.487323208,1920,1080,99.255
568,885172.4825666667,885172.505616166,1920,1080,99.5725
569,885172.4996,885172.52557375,1920,1080,99.895
570,885172.5176,885172.539235708,1920,1080,100.0975
571,885172.5336,885172.573342875,1920,1080,100.17
572,885172.5505666666,885172.583319375,1920,1080,100.4025
573,885172.5676,885172.60141425,1920,1080,100.4675
574,885172.5846,885172.618999041,1920,1080,100.505
575,885172.6006,885172.632902375,1920,1080,100.6475
576,885172.6175666667,885172.647906041,1920,1080,100.6225
577,885172.6346,885172.664205333,1920,1080,100.6375
578,885172.6505666666,885172.67969875,1920,1080,100.73
579,885172.6676,885172.695522458,1920,1080,100.805
580,885172.6835666667,885172.712910791,1920,1080,100.95
581,885172.7006,885172.730023291,1920,1080,101.025
582,885172.7176,885172.744948541,1920,1080,101.05
583,885172.7335666667,885172.758407833,1920,1080,101.1125
584,885172.7506,885172.775696375,1920,1080,101.2125
585,885172.7676,885172.79324625,1920,1080,101.3125
586,885172.7836,885172.8122165,1920,1080,101.3375
587,885172.8006,885172.823851083,1920,1080,101.3275
588,885172.8166,885172.841455833,1920,1080,101.45
589,885172.8335666667,885172.861815541,1920,1080,101.3175
590,885172.8505666667,885172.872616208,1920,1080,101.4175
591,885172.8665666666,885172.889925166,1920,1080,101.43
592,885172.8835666666,885172.906337083,1920,1080,101.415
593,885172.9005666666,885172.92135,1920,1080,101.5575
594,885172.9165666667,885172.942263291,1920,1080,101.5925
595,885172.9335666667,885172.968938916,1920,1080,101.4975
596,885172.9495666666,885172.986476375,1920,1080,101.53
597,885172.9665666666,885173.000306,1920,1080,101.5675
598,885172.9835666667,885173.017261208,1920,1080,101.4875
599,885172.9995666667,885173.034609416,1920,1080,101.5075
600,885173.0166,885173.050898916,1920,1080,101.525
601,885173.0335666667,885173.064692208,1920,1080,101.4775
602,885173.0495666667,885173.086111166,1920,1080,101.41
603,885173.0665666667,885173.093883041,1920,1080,101.315
604,885173.0825666666,885173.110396666,1920,1080,101.3925
605,885173.0996,885173.127035125,1920,1080,101.295
606,885173.1166,885173.145769,1920,1080,101.36
607,885173.1326,885173.161920916,1920,1080,79.5275
608,885173.1495666667,885173.178118208,1920,1080,69.7925
609,885173.1665666667,885173.192766125,1920,1080,69.785
610,885173.1826,885173.212003791,1920,1080,70.02
611,885173.1995666666,885173.223055708,1920,1080,69.92
612,885173.2155666667,885173.24070175,1920,1080,70.1225
613,885173.2325666667,885173.256308708,1920,1080,70.2625
614,885173.2495666667,885173.275768708,1920,1080,69.94
615,885173.2655666666,885173.288083041,1920,1080,69.6675
616,885173.2826,885173.303854916,1920,1080,69.435
617,885173.2995666667,885173.320531583,1920,1080,69.27
618,885173.3155666667,885173.336863208,1920,1080,69.5025
619,885173.3325666666,885173.355395041,1920,1080,69.43
620,885173.3485666667,885173.3716975,1920,1080,69.4725
621,885173.3655666667,885173.401862958,1920,1080,69.3475
622,885173.3825666667,885173.417600291,1920,1080,69.31
623,885173.3985666666,885173.435270083,1920,1080,69.4425
624,885173.4155666666,885173.451495333,1920,1080,69.37
625,885173.4325666666,885173.464621,1920,1080,69.3825
626,885173.4485666667,885173.480140791,1920,1080,69.365
627,885173.4655666667,885173.498477291,1920,1080,69.4025
628,885173.4815666666,885173.512903458,1920,1080,69.4525
629,885173.4985666666,885173.531238041,1920,1080,69.7075
630,885173.5155666666,885173.543264791,1920,1080,69.4425
631,885173.5315666667,885173.560141375,1920,1080,69.695
632,885173.5486,885173.582129875,1920,1080,69.6675
633,885173.5655666667,885173.592095375,1920,1080,69.625
634,885173.5815666667,885173.607755,1920,1080,69.4775
635,885173.5985666667,885173.625110875,1920,1080,69.4725
636,885173.6145666667,885173.640181208,1920,1080,69.5975
637,885173.6316,885173.656076958,1920,1080,69.7325
638,885173.6485666666,885173.672108375,1920,1080,69.71
639,885173.6645666667,885173.688045541,1920,1080,69.73
640,885173.6815666667,885173.704018708,1920,1080,69.6575
641,885173.6985666667,885173.720001083,1920,1080,69.72
642,885173.7145666666,885173.737266583,1920,1080,69.725
643,885173.7315666666,885173.753016166,1920,1080,69.795
644,885173.7476,885173.771789708,1920,1080,69.835
645,885173.7645666667,885173.787144291,1920,1080,69.795
646,885173.7815666667,885173.814910416,1920,1080,69.7675
647,885173.7985666667,885173.833595958,1920,1080,69.8475
648,885173.8145666666,885173.848831375,1920,1080,70.01
649,885173.8325666666,885173.865862083,1920,1080,70.1175
650,885173.8485666667,885173.880483708,1920,1080,69.94
651,885173.8655666667,885173.897191708,1920,1080,69.7475
652,885173.8815666666,885173.914212958,1920,1080,69.6675
653,885173.8985666666,885173.928402708,1920,1080,69.7
654,885173.9155666666,885173.945361458,1920,1080,69.8725
655,885173.9315666667,885173.961351791,1920,1080,69.7075
656,885173.9485666667,885173.976494833,1920,1080,69.695
657,885173.9655666667,885174.001188416,1920,1080,69.605
658,885173.9815666666,885174.009424458,1920,1080,69.6525
659,885173.9985666666,885174.028825708,1920,1080,69.855
660,885174.0145666667,885174.040403416,1920,1080,69.7875
661,885174.0315666667,885174.056726666,1920,1080,69.9
662,885174.0485666667,885174.072547458,1920,1080,69.8575
663,885174.0645666666,885174.088776416,1920,1080,69.8025
664,885174.0815666667,885174.10314125,1920,1080,69.6525
665,885174.0985666667,885174.119447625,1920,1080,69.7025
666,885174.1145666667,885174.135142958,1920,1080,69.62
667,885174.1325666667,885174.152288041,1920,1080,69.865
668,885174.1485666666,885174.170030791,1920,1080,69.505
669,885174.1655666666,885174.204683041,1920,1080,69.565
670,885174.1825666666,885174.21581075,1920,1080,69.63
671,885174.1985666667,885174.235390416,1920,1080,69.29
672,885174.2155666667,885174.247488375,1920,1080,69.4675
673,885174.2325666667,885174.262835541,1920,1080,69.4275
674,885174.2485666666,885174.281076708,1920,1080,71.965
675,885174.2655666666,885174.295526166,1920,1080,73.2575
676,885174.2815666667,885174.311554333,1920,1080,90.42
677,885174.2985666667,885174.3281175,1920,1080,95.4125
678,885174.3155666667,885174.344419625,1920,1080,96.6175
679,885174.3315666667,885174.36006,1920,1080,97.32
680,885174.3485666667,885174.379795833,1920,1080,97.665
681,885174.3655666667,885174.39477475,1920,1080,98.265
682,885174.3815666666,885174.414925416,1920,1080,98.71
683,885174.3985666666,885174.423074541,1920,1080,98.905
684,885174.4155666666,885174.441178,1920,1080,99.2175
685,885174.4325666666,885174.45656625,1920,1080,99.245
686,885174.4495666666,885174.4720495,1920,1080,99.53
687,885174.4655666667,885174.486948166,1920,1080,99.6025
688,885174.4825666667,885174.504596791,1920,1080,99.88
689,885174.4995666667,885174.518748666,1920,1080,99.9
690,885174.5155666666,885174.534855625,1920,1080,99.9075
691,885174.5325666667,885174.552883916,1920,1080,99.9875
692,885174.5485666667,885174.56989,1920,1080,99.9375
693,885174.5655666667,885174.604033791,1920,1080,99.9275
694,885174.5825666666,885174.620761541,1920,1080,99.69
695,885174.5985666667,885174.631951375,1920,1080,99.5375
696,885174.6155666667,885174.650503,1920,1080,99.5075
697,885174.6325666667,885174.66459375,1920,1080,99.5325
698,885174.6485666666,885174.6840415,1920,1080,99.555
699,885174.6655666666,885174.697684708,1920,1080,99.725
700,885174.6815666667,885174.715143958,1920,1080,99.835
701,885174.6985666667,885174.728865916,1920,1080,99.8925
702,885174.7155666667,885174.743372916,1920,1080,99.9225
703,885174.7315666666,885174.760760333,1920,1080,100.015
704,885174.7485666666,885174.776107041,1920,1080,100.035
705,885174.7655666666,885174.793931125,1920,1080,99.97
706,885174.7815666667,885174.812769,1920,1080,100.0775
707,885174.7985666667,885174.823795666,1920,1080,100.155
708,885174.8145666666,885174.840516833,1920,1080,100.0975
709,885174.8315666667,885174.854936875,1920,1080,100.2775
710,885174.8485666667,885174.872236458,1920,1080,100.21
711,885174.8645666667,885174.888786916,1920,1080,100.2875
712,885174.8815666666,885174.903746291,1920,1080,100.2875
713,885174.8985666666,885174.920583166,1920,1080,100.3175
714,885174.9145666667,885174.93824725,1920,1080,100.4575
715,885174.9315666667,885174.953914333,1920,1080,100.4225
716,885174.9475666666,885174.969719166,1920,1080,100.36
717,885174.9645666666,885174.985366291,1920,1080,100.36
718,885174.9815666666,885175.023369333,1920,1080,100.44
719,885174.9985666666,885175.031415833,1920,1080,100.465
720,885175.0145666667,885175.049530041,1920,1080,100.44
721,885175.0315666667,885175.064640833,1920,1080,100.4875
722,885175.0485666667,885175.083242375,1920,1080,100.505
723,885175.0655666667,885175.098884916,1920,1080,100.4725
724,885175.0825666666,885175.113970208,1920,1080,100.4325
725,885175.0995666666,885175.131704,1920,1080,100.5225
726,885175.1155666667,885175.143868583,1920,1080,100.6
727,885175.1325666667,885175.158624333,1920,1080,100.57
728,885175.1485666666,885175.177501666,1920,1080,100.71
729,885175.1655666666,885175.193038708,1920,1080,100.6475
730,885175.1835666667,885175.212661833,1920,1080,100.66
731,885175.1995666666,885175.223148,1920,1080,100.6625
732,885175.2165666666,885175.239519541,1920,1080,100.7025
733,885175.2335666667,885175.256765833,1920,1080,100.7625
734,885175.2495666667,885175.2709125,1920,1080,100.7725
735,885175.2665666667,885175.288386541,1920,1080,100.6325
736,885175.2825666667,885175.304195958,1920,1080,100.63
737,885175.2995666667,885175.320243458,1920,1080,100.6975
738,885175.3165666667,885175.336263583,1920,1080,100.7625
739,885175.3325666666,885175.352558375,1920,1080,100.6775
740,885175.3495666666,885175.384179375,1920,1080,81.875
741,885175.3665666666,885175.401208208,1920,1080,47.325
742,885175.3825666667,885175.417078916,1920,1080,42.98
743,885175.3995666667,885175.437126875,1920,1080,42.115
744,885175.4155666666,885175.447569291,1920,1080,42.15
745,885175.4325666666,885175.464240416,1920,1080,42.2175
746,885175.4495666666,885175.480722583,1920,1080,42.29
747,885175.4655666667,885175.496355208,1920,1080,42.245
748,885175.4825666667,885175.511899458,1920,1080,42.3575
749,885175.4995666667,885175.52772125,1920,1080,42.3925
750,885175.5155666666,885175.543597916,1920,1080,42.33
751,885175.5325666667,885175.560363,1920,1080,42.3475
752,885175.5485666667,885175.577721458,1920,1080,42.405
753,885175.5655666667,885175.593149291,1920,1080,42.2325
754,885175.5825666666,885175.610575125,1920,1080,42.16
755,885175.5985666667,885175.62505525,1920,1080,42.185
756,885175.6155666667,885175.645283666,1920,1080,42.115
757,885175.6325666667,885175.655125833,1920,1080,42.15
758,885175.6495666667,885175.67142375,1920,1080,42.0475
759,885175.6655666666,885175.688164083,1920,1080,42.0975
760,885175.6825666666,885175.704675458,1920,1080,42.1075
761,885175.6995666666,885175.721508125,1920,1080,42.14
762,885175.7155666667,885175.735230791,1920,1080,42.195
763,885175.7325666667,885175.752625416,1920,1080,42.195
764,885175.7485666666,885175.770379416,1920,1080,42.0775
765,885175.7655666666,885175.79859625,1920,1080,42.1325
766,885175.7825666667,885175.815553416,1920,1080,42.1425
767,885175.7995666667,885175.83358975,1920,1080,42.1975
768,885175.8155666667,885175.853175083,1920,1080,42.12
769,885175.8325666666,885175.86366775,1920,1080,42.1225
770,885175.8495666666,885175.880890791,1920,1080,42.105
771,885175.8655666667,885175.896249333,1920,1080,42.1625
772,885175.8825666667,885175.914959916,1920,1080,42.0575
773,885175.8995666667,885175.932296916,1920,1080,42.1575
774,885175.9155666666,885175.944941541,1920,1080,42.2225
775,885175.9325666666,885175.960535958,1920,1080,42.0925
776,885175.9485666667,885175.97799875,1920,1080,42.0875
777,885175.9655666667,885175.9952445,1920,1080,42.125
778,885175.9825666667,885176.012581708,1920,1080,42.1425
779,885175.9985666666,885176.02454275,1920,1080,42.11
780,885176.0155666666,885176.047616333,1920,1080,42.105
781,885176.0325666667,885176.057150083,1920,1080,42.06
782,885176.0485666667,885176.072436708,1920,1080,42.01
783,885176.0655666667,885176.087087958,1920,1080,42.075
784,885176.0815666667,885176.10302175,1920,1080,42.0575
785,885176.0985666667,885176.119771125,1920,1080,41.98
786,885176.1155666667,885176.136928875,1920,1080,41.9425
787,885176.1315666666,885176.152475083,1920,1080,42.0325
788,885176.1485666666,885176.168309625,1920,1080,42.075
789,885176.1655666666,885176.184973541,1920,1080,42.105
790,885176.1815666667,885176.214395333,1920,1080,42.0575
791,885176.1985666667,885176.232149,1920,1080,42.055
792,885176.2145666666,885176.250643583,1920,1080,42.0675
793,885176.2325666667,885176.266818666,1920,1080,42.1575
794,885176.2495666667,885176.284810833,1920,1080,42.0725
795,885176.2655666666,885176.296641291,1920,1080,42.0225
796,885176.2825666667,885176.31198425,1920,1080,42.05
797,885176.2995666667,885176.329364375,1920,1080,42.0625
798,885176.3155666667,885176.345402916,1920,1080,42.05
799,885176.3325666666,885176.363197291,1920,1080,42.015
800,885176.3485666667,885176.377203708,1920,1080,41.955
801,885176.3655666667,885176.393080375,1920,1080,42.125
802,885176.3825666667,885176.414487791,1920,1080,42.1125
803,885176.3985666666,885176.421962875,1920,1080,42.0975
804,885176.4155666666,885176.439310708,1920,1080,41.98
805,885176.4325666666,885176.45838025,1920,1080,41.985
806,885176.4485666667,885176.47188975,1920,1080,41.9125
807,885176.4655666667,885176.487752083,1920,1080,42.0125
808,885176.4815666666,885176.5043665,1920,1080,47.7775
809,885176.4985666666,885176.5204545,1920,1080,49.15
810,885176.5155666666,885176.535812083,1920,1080,76.6725
811,885176.5315666667,885176.552024166,1920,1080,88.64
812,885176.5485666667,885176.570382541,1920,1080,95.1075
813,885176.5655666667,885176.584112541,1920,1080,95.4025
814,885176.5815666667,885176.614884791,1920,1080,96.8525
815,885176.5985666667,885176.632538,1920,1080,96.8825
816,885176.6145666667,885176.648861083,1920,1080,97.455
817,885176.6315666666,885176.662518458,1920,1080,97.77
818,885176.6495666667,885176.684221666,1920,1080,98.34
819,885176.6655666666,885176.696738875,1920,1080,98.5375
820,885176.6825666666,885176.714894083,1920,1080,98.8525
821,885176.6995666666,885176.728600625,1920,1080,99.455
822,885176.7155666667,885176.745147625,1920,1080,99.53
823,885176.7325666667,885176.764079416,1920,1080,99.76
824,885176.7485666666,885176.777170375,1920,1080,99.4075
825,885176.7655666666,885176.791625041,1920,1080,99.3075
826,885176.7825666667,885176.808975333,1920,1080,98.895
827,885176.7985666667,885176.82310875,1920,1080,98.7375
828,885176.8155666667,885176.838429833,1920,1080,96.1775
829,885176.8325666666,885176.854687166,1920,1080,95.72
830,885176.8485666667,885176.871538,1920,1080,96.055
831,885176.8655666667,885176.891131333,1920,1080,96.2425
832,885176.8815666666,885176.904617,1920,1080,96.5325
833,885176.8985666666,885176.92140375,1920,1080,97.1325
834,885176.9155666666,885176.936684333,1920,1080,97.32
835,885176.9315666667,885176.952856708,1920,1080,97.59
836,885176.9485666667,885176.968367375,1920,1080,97.885
837,885176.9655666667,885176.9858085,1920,1080,97.97
838,885176.9815666666,885177.016577208,1920,1080,98.245
839,885176.9985666666,885177.034395791,1920,1080,98.27
840,885177.0145666667,885177.047294833,1920,1080,98.42
841,885177.0315666667,885177.064935333,1920,1080,98.54
842,885177.0485666667,885177.080939458,1920,1080,98.6475
843,885177.0645666666,885177.097968625,1920,1080,98.725
844,885177.0815666667,885177.117289958,1920,1080,98.7575
845,885177.0995666666,885177.130170958,1920,1080,98.835
846,885177.1155666667,885177.142722375,1920,1080,98.96
847,885177.1325666667,885177.159544458,1920,1080,99.0775
848,885177.1485666666,885177.178038208,1920,1080,99.095
849,885177.1655666666,885177.192394416,1920,1080,99.1825
850,885177.1825666666,885177.208728958,1920,1080,99.225
851,885177.1985666667,885177.223124708,1920,1080,99.22
852,885177.2155666667,885177.240840833,1920,1080,99.2975
853,885177.2335666667,885177.2570835,1920,1080,99.255
854,885177.2495666667,885177.272537375,1920,1080,99.3
855,885177.2665666667,885177.288073583,1920,1080,99.32
856,885177.2825666667,885177.308781833,1920,1080,99.45
857,885177.2995666667,885177.321434916,1920,1080,99.5025
858,885177.3165666667,885177.334900666,1920,1080,99.5525
859,885177.3325666666,885177.351236791,1920,1080,99.4925
860,885177.3495333333,885177.384770208,1920,1080,99.455
861,885177.3665333333,885177.401781958,1920,1080,99.435
862,885177.3825333334,885177.416171,1920,1080,99.555
863,885177.3995666667,885177.436531083,1920,1080,99.515
864,885177.4155666666,885177.450968083,1920,1080,99.4625
865,885177.4325333333,885177.464557458,1920,1080,99.54
866,885177.4495666666,885177.48208025,1920,1080,99.5225
867,885177.4655333334,885177.498413583,1920,1080,99.5275
868,885177.4825666667,885177.521054333,1920,1080,99.565
869,885177.4995666667,885177.52777525,1920,1080,99.6125
870,885177.5155666666,885177.550444708,1920,1080,99.6625
871,885177.5325666667,885177.560510166,1920,1080,99.63
872,885177.5485666667,885177.576121708,1920,1080,99.5075
873,885177.5655666667,885177.592733666,1920,1080,99.565
874,885177.5825666666,885177.612268333,1920,1080,99.6925
875,885177.5985666667,885177.623962458,1920,1080,99.63
876,885177.6155333334,885177.641580125,1920,1080,92.76
877,885177.6325666667,885177.655665958,1920,1080,50.4025
878,885177.6485666666,885177.673016625,1920,1080,42.2425
879,885177.6655333333,885177.688845166,1920,1080,41.125
880,885177.6815666667,885177.704157875,1920,1080,41.865
881,885177.6985666667,885177.727042708,1920,1080,41.415
882,885177.7155666667,885177.73635325,1920,1080,41.6225
883,885177.7315333333,885177.7525105,1920,1080,41.5875
884,885177.7485333333,885177.770406,1920,1080,41.405
885,885177.7655666666,885177.784447958,1920,1080,41.325
886,885177.7815666667,885177.819938625,1920,1080,41.3375
887,885177.7985333333,885177.831581708,1920,1080,41.3275
888,885177.8145333333,885177.850292458,1920,1080,41.305
889,885177.8325666666,885177.862681333,1920,1080,41.16
890,885177.8485333333,885177.881248708,1920,1080,41.0375
891,885177.8655666667,885177.897674541,1920,1080,40.935
892,885177.8815666666,885177.915273166,1920,1080,41.0075
893,885177.8985333333,885177.931091083,1920,1080,41.075
894,885177.9155666666,885177.948067416,1920,1080,41.0825
895,885177.9315333334,885177.964921958,1920,1080,41.1175
896,885177.9485333334,885177.9796145,1920,1080,41.0125
897,885177.9655333334,885177.993248541,1920,1080,41.0475
898,885177.9815333333,885178.0086175,1920,1080,41.0675
899,885177.9985333333,885178.024948333,1920,1080,41.1425
900,885178.0145333334,885178.040581541,1920,1080,41.175
901,885178.0325333333,885178.057018833,1920,1080,41.135
902,885178.0495333333,885178.072574666,1920,1080,41.175
903,885178.0665333334,885178.08835225,1920,1080,41.1325
904,885178.0825666666,885178.105169041,1920,1080,41.235
905,885178.0995333333,885178.120009291,1920,1080,41.1575
906,885178.1175333334,885178.142247375,1920,1080,41.115
907,885178.1335333333,885178.169595416,1920,1080,41.1125
908,885178.1505333333,885178.184278375,1920,1080,41.13
909,885178.1675333333,885178.201146333,1920,1080,41.1925
910,885178.1845333333,885178.216450083,1920,1080,41.1475
911,885178.2005666667,885178.2326575,1920,1080,41.155
912,885178.2175666667,885178.249122625,1920,1080,41.1975
913,885178.2345666667,885178.270015041,1920,1080,41.2725
914,885178.2505666667,885178.279322416,1920,1080,41.1725
915,885178.2675333334,885178.295617333,1920,1080,41.27
916,885178.2835666667,885178.311474166,1920,1080,41.215
917,885178.3005666666,885178.328376875,1920,1080,41.3725
918,885178.3175666666,885178.349127833,1920,1080,41.2325
919,885178.3335333334,885178.360424666,1920,1080,41.28
920,885178.3505333334,885178.379873583,1920,1080,41.2625
921,885178.3675333334,885178.393454458,1920,1080,41.1825
922,885178.3835666666,885178.409007458,1920,1080,41.2675
923,885178.4005333333,885178.425403666,1920,1080,41.2025
924,885178.4165666667,885178.444347208,1920,1080,41.22
925,885178.4335333334,885178.461146625,1920,1080,41.2475
926,885178.4505333334,885178.4725075,1920,1080,41.3025
927,885178.4665333333,885178.488525916,1920,1080,41.26
928,885178.4835333333,885178.505155708,1920,1080,41.1775
929,885178.5005333333,885178.523633291,1920,1080,41.2125
930,885178.5165333333,885178.540361458,1920,1080,41.2575
931,885178.5335333333,885178.576171041,1920,1080,41.2975
932,885178.5495333333,885178.586779791,1920,1080,41.3225
933,885178.5665333334,885178.599520208,1920,1080,41.1925
934,885178.5835333334,885178.616299166,1920,1080,41.22
935,885178.5995333333,885178.632143708,1920,1080,41.1975
936,885178.6165333333,885178.649440791,1920,1080,41.315
937,885178.6335333333,885178.6656735,1920,1080,41.39
938,885178.6495333334,885178.681297583,1920,1080,41.3
939,885178.6665666667,885178.697355333,1920,1080,41.34
940,885178.6825333333,885178.715021958,1920,1080,41.2725
941,885178.6995333333,885178.730325875,1920,1080,41.3025
942,885178.7165666666,885178.742499625,1920,1080,41.2825
943,885178.7325333334,885178.760278916,1920,1080,41.2775
944,885178.7495666667,885178.782122958,1920,1080,41.3225
945,885178.7665333333,885178.792405,1920,1080,41.315
946,885178.7825333333,885178.810959458,1920,1080,41.2875
947,885178.7995333333,885178.823752791,1920,1080,44.955
948,885178.8155333333,885178.840605125,1920,1080,46.4025
949,885178.8325333333,885178.854759666,1920,1080,74.02
950,885178.8495333333,885178.872657416,1920,1080,88.165
951,885178.8655333334,885178.888085375,1920,1080,94.2875
952,885178.8825666667,885178.904282791,1920,1080,95.2275
953,885178.8995333334,885178.92103375,1920,1080,96.53
954,885178.9155333333,885178.940281791,1920,1080,97.0325
955,885178.9325333333,885178.951887166,1920,1080,97.3775
956,885178.9485333334,885178.969240875,1920,1080,97.7525
957,885178.9655333334,885179.004824416,1920,1080,97.99
958,885178.9825333334,885179.023440125,1920,1080,98.2475
959,885178.9985333333,885179.031301666,1920,1080,98.7075
960,885179.0155333333,885179.047747333,1920,1080,98.77
961,885179.0325333333,885179.065659791,1920,1080,99.0325
962,885179.0485333333,885179.080593291,1920,1080,99.26
963,885179.0655333333,885179.096894875,1920,1080,98.94
964,885179.0815333333,885179.112648583,1920,1080,99.0375
965,885179.0985333333,885179.128164291,1920,1080,97.355
966,885179.1155666667,885179.142985625,1920,1080,97.6525
967,885179.1325333334,885179.160244041,1920,1080,95.5925
968,885179.1485333333,885179.175134875,1920,1080,95.4325
969,885179.1655333333,885179.19595975,1920,1080,95.25
970,885179.1825333333,885179.228953,1920,1080,95.265
971,885179.1985333334,885179.229557583,1920,1080,95.45
972,885179.2155333334,885179.237993791,1920,1080,96.2675
973,885179.2325333334,885179.254415125,1920,1080,96.5475
974,885179.2495333333,885179.271710041,1920,1080,97.27
975,885179.2665333333,885179.287829208,1920,1080,97.62
976,885179.2825333333,885179.303620958,1920,1080,97.7
977,885179.2995333333,885179.320173,1920,1080,97.785
978,885179.3175333333,885179.353551166,1920,1080,97.9325
979,885179.3345333333,885179.370153916,1920,1080,98.08
980,885179.3505333334,885179.383420583,1920,1080,98.2825
981,885179.3675333334,885179.404604041,1920,1080,98.3525
982,885179.3845333334,885179.419556375,1920,1080,98.4725
983,885179.4015333334,885179.431080125,1920,1080,98.4175
984,885179.4175333333,885179.447411958,1920,1080,98.4825
985,885179.4345333333,885179.463687541,1920,1080,98.5925
986,885179.4515333333,885179.478587625,1920,1080,98.7125
987,885179.4675333333,885179.495949833,1920,1080,98.735
988,885179.4845333333,885179.512613166,1920,1080,98.7825
989,885179.5015333333,885179.52756975,1920,1080,98.8125
990,885179.5175333334,885179.5434265,1920,1080,98.84
991,885179.5345333334,885179.560194916,1920,1080,98.795
992,885179.5505333333,885179.578771125,1920,1080,98.895
993,885179.5675333333,885179.596034416,1920,1080,98.8625
994,885179.5845333333,885179.612978041,1920,1080,98.97
995,885179.6005333334,885179.624290333,1920,1080,98.9625
996,885179.6175333334,885179.63958325,1920,1080,99.08
997,885179.6345333334,885179.65835425,1920,1080,99.0425
998,885179.6505333333,885179.672252083,1920,1080,99.1
999,885179.6675333333,885179.689652083,1920,1080,99.1975
1000,885179.6835333334,885179.705426458,1920,1080,99.2375
1001,885179.7005333334,885179.72250025,1920,1080,99.24
1002,885179.7175333333,885179.740093416,1920,1080,99.315
1003,885179.7335333333,885179.77007325,1920,1080,99.3475
1004,885179.7505333333,885179.783676333,1920,1080,99.3375
1005,885179.7675333334,885179.80464525,1920,1080,99.365
1006,885179.7835333333,885179.818904833,1920,1080,99.315
1007,885179.8005333333,885179.831501458,1920,1080,99.3125
1008,885179.8165333334,885179.847521583,1920,1080,99.485
1009,885179.8335333334,885179.862845666,1920,1080,99.3575
1010,885179.8505333334,885179.879718875,1920,1080,99.4025
1011,885179.8665333333,885179.895621125,1920,1080,99.44
1012,885179.8835333333,885179.91292025,1920,1080,99.3625
1013,885179.9005333333,885179.931281916,1920,1080,86.1375
1014,885179.9165333334,885179.94505125,1920,1080,83.4175
1015,885179.9335333334,885179.962752458,1920,1080,69.7
1016,885179.9495333333,885179.980850416,1920,1080,69.0625
1017,885179.9665333333,885179.994096375,1920,1080,73.53
1018,885179.9835333333,885180.016494416,1920,1080,69.1125
1019,885179.9995333333,885180.027207875,1920,1080,68.6725
1020,885180.0165333333,885180.038736375,1920,1080,69.6525
1021,885180.0335333333,885180.060297875,1920,1080,69.015
1022,885180.0495333333,885180.070935708,1920,1080,74.5575
1023,885180.0665333334,885180.087571625,1920,1080,84.8375
1024,885180.0825333333,885180.103108958,1920,1080,90.56
1025,885180.0995333333,885180.119421125,1920,1080,93.0175
1026,885180.1165333333,885180.135308958,1920,1080,94.4975
1027,885180.1325333334,885180.150515708,1920,1080,94.0225
1028,885180.1495333334,885180.183810583,1920,1080,94.2325
1029,885180.1665333334,885180.200211083,1920,1080,90.895
1030,885180.1825333333,885180.214217083,1920,1080,82.8175
1031,885180.1995333333,885180.233415958,1920,1080,78.805
1032,885180.2155333334,885180.248942083,1920,1080,76.7125
1033,885180.2325333334,885180.262386333,1920,1080,75.3425
1034,885180.2495333333,885180.281312625,1920,1080,73.9925
1035,885180.2655333333,885180.294758166,1920,1080,72.515
1036,885180.2825333333,885180.311766166,1920,1080,71.695
1037,885180.2995333333,885180.330840375,1920,1080,70.68
1038,885180.3155333333,885180.342918541,1920,1080,70.54
1039,885180.3325333333,885180.358958458,1920,1080,71.3025
1040,885180.3485333333,885180.376580833,1920,1080,70.9675
1041,885180.3655333334,885180.393293958,1920,1080,70.9125
1042,885180.3825333334,885180.410901916,1920,1080,74.1775
1043,885180.3985333333,885180.424351708,1920,1080,73.995
1044,885180.4155333333,885180.442110333,1920,1080,74.4075
1045,885180.4325333333,885180.462829208,1920,1080,74.3825
1046,885180.4485333334,885180.470994791,1920,1080,74.62
1047,885180.4655333334,885180.488264958,1920,1080,74.4875
1048,885180.4815333333,885180.504151,1920,1080,74.56
1049,885180.4985333333,885180.518881,1920,1080,74.6825
1050,885180.5155333333,885180.537697416,1920,1080,74.73
1051,885180.5315333334,885180.550437291,1920,1080,74.755
1052,885180.5485333333,885180.568830541,1920,1080,74.8175
1053,885180.5655333333,885180.583212916,1920,1080,74.9925
1054,885180.5815333333,885180.614310333,1920,1080,75.11
1055,885180.5995333333,885180.632522083,1920,1080,75.0625
1056,885180.6155333334,885180.648861333,1920,1080,75.155
1057,885180.6325333334,885180.667408833,1920,1080,75.2375
1058,885180.6495333334,885180.679631166,1920,1080,75.2175
1059,885180.6655333333,885180.695961666,1920,1080,75.25
1060,885180.6825333333,885180.712006916,1920,1080,75.315
1061,885180.6995333333,885180.728402041,1920,1080,75.08
1062,885180.7155333334,885180.74285425,1920,1080,75.115
1063,885180.7325333334,885180.760741833,1920,1080,75.0725
1064,885180.7485333333,885180.775599125,1920,1080,75.2
1065,885180.7655333333,885180.79280375,1920,1080,75.155
1066,885180.7825333333,885180.809266125,1920,1080,75.17
1067,885180.7985333333,885180.823182916,1920,1080,75.2475
1068,885180.8155333333,885180.843870416,1920,1080,75.32
1069,885180.8325333333,885180.857711208,1920,1080,75.4375
1070,885180.8485333333,885180.870908208,1920,1080,75.515
1071,885180.8655333334,885180.886867958,1920,1080,75.5
1072,885180.8815333333,885180.903044208,1920,1080,75.6075
1073,885180.8985333333,885180.920388666,1920,1080,75.5375
1074,885180.9155333333,885180.938776041,1920,1080,75.54
1075,885180.9325333333,885180.952133458,1920,1080,75.5875
1076,885180.9495333333,885180.985341125,1920,1080,75.52
1077,885180.9665333333,885181.001294,1920,1080,75.45
1078,885180.9825333334,885181.01992675,1920,1080,75.465
1079,885180.9995333333,885181.034161291,1920,1080,70.495
1080,885181.0155333333,885181.051117833,1920,1080,69.15
1081,885181.0325333333,885181.062372,1920,1080,69.17
1082,885181.0495333333,885181.0831595,1920,1080,69.67
1083,885181.0655333333,885181.098338708,1920,1080,69.455
1084,885181.0825333333,885181.113888333,1920,1080,69.39
1085,885181.0995333333,885181.130410041,1920,1080,68.7975
1086,885181.1155333334,885181.145353,1920,1080,68.8875
1087,885181.1325333334,885181.160471875,1920,1080,69.215
1088,885181.1485333333,885181.174962583,1920,1080,75.6525
1089,885181.1655333333,885181.192526583,1920,1080,70.4375
1090,885181.1825333333,885181.208417625,1920,1080,76.6175
1091,885181.1985333334,885181.224270083,1920,1080,83.72
1092,885181.2155333334,885181.242762458,1920,1080,88.195
1093,885181.2325333334,885181.254966916,1920,1080,91.1875
1094,885181.2485333333,885181.271962916,1920,1080,93.13
1095,885181.2655333333,885181.287939208,1920,1080,93.49
1096,885181.2815333334,885181.302897166,1920,1080,93.9375
1097,885181.2985333333,885181.319564875,1920,1080,95.04
1098,885181.3155333333,885181.335393166,1920,1080,95.385
1099,885181.3325333333,885181.352024166,1920,1080,95.875
1100,885181.3485333333,885181.368833708,1920,1080,96.2075
1101,885181.3655333334,885181.400101708,1920,1080,96.4575
1102,885181.3825333334,885181.420513666,1920,1080,96.6325
1103,885181.3985333333,885181.430767625,1920,1080,96.935
1104,885181.4155333333,885181.450448375,1920,1080,97.19
1105,885181.4325333333,885181.46574,1920,1080,97.405
1106,885181.4485333334,885181.4788735,1920,1080,97.53
1107,885181.4655333334,885181.494883625,1920,1080,97.7875
1108,885181.4815333333,885181.511797333,1920,1080,98.02
1109,885181.4985333333,885181.52671575,1920,1080,98.185
1110,885181.5155333333,885181.544513416,1920,1080,98.27
1111,885181.5315333334,885181.560300041,1920,1080,98.3025
1112,885181.5485333333,885181.578892291,1920,1080,98.435
1113,885181.5655333333,885181.591206041,1920,1080,98.4175
1114,885181.5825333333,885181.609637916,1920,1080,98.555
1115,885181.5995333333,885181.623172625,1920,1080,98.7525
1116,885181.6155333334,885181.644407166,1920,1080,98.7725
1117,885181.6325333334,885181.662055041,1920,1080,98.845
1118,885181.6495333334,885181.670716375,1920,1080,98.8225
1119,885181.6655333333,885181.686968708,1920,1080,98.88
1120,885181.6825333333,885181.704134208,1920,1080,98.955
1121,885181.6995333333,885181.720180583,1920,1080,98.9825
1122,885181.7155333334,885181.734503458,1920,1080,99.0775
1123,885181.7325333334,885181.751736708,1920,1080,99.095
1124,885181.7485333333,885181.770331458,1920,1080,99.08
1125,885181.7655333333,885181.800416541,1920,1080,99.1275
1126,885181.7825333333,885181.81945725,1920,1080,99.1475
1127,885181.7985333333,885181.831127416,1920,1080,99.2925
1128,885181.8155333333,885181.852828333,1920,1080,99.3525
1129,885181.8325333333,885181.865902583,1920,1080,99.355
1130,885181.8485333333,885181.879837458,1920,1080,99.2925
1131,885181.8655333334,885181.896168916,1920,1080,99.49
1132,885181.8825333334,885181.912690833,1920,1080,99.335
1133,885181.8995333334,885181.92971875,1920,1080,99.4275
1134,885181.9155333333,885181.946672625,1920,1080,99.39
1135,885181.9325333333,885181.9625065,1920,1080,99.2825
1136,885181.9485333334,885181.976412041,1920,1080,99.4325
1137,885181.9655333334,885181.99501525,1920,1080,99.29
1138,885181.9825333334,885182.010281041,1920,1080,99.31
1139,885181.9985333333,885182.026495458,1920,1080,99.3425
1140,885182.0155333333,885182.0443655,1920,1080,99.41
1141,885182.0325333333,885182.062064708,1920,1080,99.4525
1142,885182.0485333333,885182.072029916,1920,1080,99.65
1143,885182.0655333333,885182.088785833,1920,1080,99.73
1144,885182.0815333333,885182.104548958,1920,1080,99.6925
1145,885182.0985333333,885182.120375458,1920,1080,99.66
1146,885182.1155333334,885182.134778041,1920,1080,80.7775
1147,885182.1325333334,885182.150991166,1920,1080,79.3075
1148,885182.1485333333,885182.168148041,1920,1080,50.7125
1149,885182.1655333333,885182.200440458,1920,1080,43.1175
1150,885182.1825333333,885182.219213833,1920,1080,45.18
1151,885182.1985333334,885182.233296666,1920,1080,42.735
1152,885182.2155333334,885182.252204291,1920,1080,41.9325
1153,885182.2325333334,885182.26291975,1920,1080,43.4
1154,885182.2485333333,885182.279616833,1920,1080,42.505
1155,885182.2655333333,885182.296068958,1920,1080,42.7925
1156,885182.2815333334,885182.310746833,1920,1080,64.655
1157,885182.2985333333,885182.329369708,1920,1080,79.4125
1158,885182.3155333333,885182.34476375,1920,1080,87.815
1159,885182.3315,885182.3602925,1920,1080,92.4275
1160,885182.3485333333,885182.378094375,1920,1080,90.0525
1161,885182.3655333334,885182.391584583,1920,1080,92.9275
1162,885182.3815,885182.410968375,1920,1080,86.2775
1163,885182.3985,885182.425356791,1920,1080,70.4075
1164,885182.4155333333,885182.44445025,1920,1080,63.6475
1165,885182.4325333333,885182.45445325,1920,1080,53.9225
1166,885182.4495333333,885182.472187125,1920,1080,56.1175
1167,885182.4655333334,885182.487517083,1920,1080,49.3775
1168,885182.4825333334,885182.504113708,1920,1080,49.15
1169,885182.4995333333,885182.520203833,1920,1080,44.165
1170,885182.5155333333,885182.534841166,1920,1080,43.09
1171,885182.5325333333,885182.552051708,1920,1080,44.5075
1172,885182.5495333333,885182.583602291,1920,1080,45.225
1173,885182.5665333334,885182.600256041,1920,1080,45.6475
1174,885182.5825,885182.615927708,1920,1080,45.2725
1175,885182.5995333333,885182.632217125,1920,1080,51.6075
1176,885182.6155333334,885182.651197541,1920,1080,54.2075
1177,885182.6325,885182.663567791,1920,1080,54.1925
1178,885182.6495333334,885182.679544083,1920,1080,54.055
1179,885182.6655,885182.694900458,1920,1080,54.4925
1180,885182.6825,885182.716320125,1920,1080,54.6225
1181,885182.6995333333,885182.728757333,1920,1080,54.56
1182,885182.7155,885182.745161375,1920,1080,54.645
1183,885182.7325,885182.761704125,1920,1080,54.7425
1184,885182.7485,885182.778315458,1920,1080,54.7725
1185,885182.7655333333,885182.794388,1920,1080,54.8025
1186,885182.7825,885182.811161875,1920,1080,54.7275
1187,885182.7985,885182.823590833,1920,1080,54.7925
1188,885182.8155,885182.844234791,1920,1080,54.805
1189,885182.8325,885182.860763666,1920,1080,54.8
1190,885182.8485,885182.872487833,1920,1080,54.915
1191,885182.8655,885182.888906,1920,1080,54.9325
1192,885182.8815,885182.9044415,1920,1080,54.8725
1193,885182.8985,885182.920277791,1920,1080,54.94
1194,885182.9155,885182.93939025,1920,1080,54.905
1195,885182.9315,885182.952009875,1920,1080,54.7475
1196,885182.9485,885182.969622791,1920,1080,54.875
1197,885182.9655,885182.986071625,1920,1080,54.8525
1198,885182.9825,885183.016945041,1920,1080,54.8425
1199,885182.9985,885183.032275791,1920,1080,54.9125
1200,885183.0155,885183.050175916,1920,1080,54.8725
1201,885183.0325,885183.06723625,1920,1080,54.965
1202,885183.0485,885183.080736,1920,1080,54.93
1203,885183.0655,885183.095977916,1920,1080,54.89
1204,885183.0815,885183.112999916,1920,1080,54.9
1205,885183.0985,885183.128926625,1920,1080,54.865
1206,885183.1155,885183.142646541,1920,1080,54.795
1207,885183.1315,885183.159272125,1920,1080,54.98
1208,885183.1485,885183.178600625,1920,1080,54.805
1209,885183.1655333333,885183.192379791,1920,1080,54.975
1210,885183.1825,885183.208088625,1920,1080,55.0025
1211,885183.1985333334,885183.223425,1920,1080,54.7975
1212,885183.2155,885183.241992541,1920,1080,54.7875
1213,885183.2325333334,885183.260883958,1920,1080,45.395
1214,885183.2485,885183.273397666,1920,1080,41.01
1215,885183.2665,885183.288653833,1920,1080,40.945
1216,885183.2825333333,885183.304334583,1920,1080,43.065
1217,885183.2995333333,885183.32054325,1920,1080,42.2075
1218,885183.3165333334,885183.336318666,1920,1080,41.9025
1219,885183.3325,885183.353981333,1920,1080,41.77
1220,885183.3495,885183.383416791,1920,1080,41.845
1221,885183.3665,885183.401273541,1920,1080,42.7925
1222,885183.3825,885183.414849125,1920,1080,52.4
1223,885183.3995,885183.432046,1920,1080,44.74
1224,885183.4155,885183.448088833,1920,1080,55.05
1225,885183.4325,885183.463240833,1920,1080,67.6625
1226,885183.4495,885183.482824541,1920,1080,76.36
1227,885183.4655,885183.496980083,1920,1080,85.4075
1228,885183.4825,885183.511068625,1920,1080,90.6525
1229,885183.4995,885183.527589583,1920,1080,91.355
1230,885183.5155333333,885183.542835083,1920,1080,91.4125
1231,885183.5325,885183.559664791,1920,1080,93.5225
1232,885183.5485333333,885183.578106458,1920,1080,93.51
1233,885183.5655,885183.592730291,1920,1080,94.475
1234,885183.5825333333,885183.609426541,1920,1080,94.8125
1235,885183.5985,885183.622518958,1920,1080,95.055
1236,885183.6155,885183.641335208,1920,1080,95.36
1237,885183.6325,885183.65479125,1920,1080,95.6175
1238,885183.6495,885183.677528708,1920,1080,95.9825
1239,885183.6655,885183.689789625,1920,1080,96.3925
1240,885183.6825,885183.704077625,1920,1080,96.8275
1241,885183.6995,885183.720962166,1920,1080,97.2425
1242,885183.7155,885183.742017958,1920,1080,97.265
1243,885183.7325,885183.75210125,1920,1080,97.3975
1244,885183.7485,885183.769919916,1920,1080,97.55
1245,885183.7655,885183.800249916,1920,1080,97.775
1246,885183.7825,885183.818345958,1920,1080,97.775
1247,885183.7985,885183.832147083,1920,1080,97.8
1248,885183.8155,885183.847875541,1920,1080,98.0825
1249,885183.8325333333,885183.8629935,1920,1080,98.11
1250,885183.8485333333,885183.879698583,1920,1080,98.255
1251,885183.8655,885183.899894041,1920,1080,98.375
1252,885183.8815,885183.912428416,1920,1080,98.47
1253,885183.8985,885183.930035083,1920,1080,98.4175
1254,885183.9155,885183.944614166,1920,1080,98.545
1255,885183.9315,885183.962654125,1920,1080,98.495
1256,885183.9485,885183.978532416,1920,1080,98.6075
1257,885183.9655,885183.995206958,1920,1080,98.7025
1258,885183.9815,885184.010181125,1920,1080,98.855
1259,885183.9985,885184.025721583,1920,1080,98.9125
1260,885184.0145333334,885184.042537833,1920,1080,98.8825
1261,885184.0325,885184.058832958,1920,1080,98.8925
1262,885184.0485,885184.073538541,1920,1080,98.995
1263,885184.0655,885184.096170958,1920,1080,98.9725
1264,885184.0815,885184.104369375,1920,1080,99.0375
1265,885184.0985,885184.122363375,1920,1080,98.89
1266,885184.1155,885184.135468291,1920,1080,99.02
1267,885184.1315,885184.152270625,1920,1080,98.945
1268,885184.1485,885184.1700415,1920,1080,98.9775
1269,885184.1655,885184.185130666,1920,1080,99.0375
1270,885184.1825,885184.2190545,1920,1080,99.0675
1271,885184.1995,885184.229899083,1920,1080,99.0125
1272,885184.2155,885184.246823666,1920,1080,99.15
1273,885184.2325,885184.263617,1920,1080,99.165
1274,885184.2495,885184.278598416,1920,1080,99.2325
1275,885184.2655,885184.300738333,1920,1080,99.26
1276,885184.2825,885184.314441,1920,1080,99.325
1277,885184.2995,885184.327932916,1920,1080,99.285
1278,885184.3155,885184.3444345,1920,1080,99.3025
1279,885184.3325,885184.361246375,1920,1080,99.2375
1280,885184.3485,885184.376245333,1920,1080,99.2975
1281,885184.3655,885184.394462583,1920,1080,99.29
1282,885184.3825,885184.410560541,1920,1080,91.555
1283,885184.3985,885184.422649666,1920,1080,79.69
1284,885184.4155,885184.441557333,1920,1080,60.33
1285,885184.4325,885184.4551725,1920,1080,43.4575
1286,885184.4485,885184.472032833,1920,1080,42.4875
1287,885184.4655,885184.491232916,1920,1080,45.7
1288,885184.4815333333,885184.503888125,1920,1080,40.6975
1289,885184.4985,885184.519003208,1920,1080,40.915
1290,885184.5155,885184.536977791,1920,1080,40.8575
1291,885184.5315,885184.551998708,1920,1080,40.82
1292,885184.5485,885184.568272708,1920,1080,58.855
1293,885184.5655,885184.584208458,1920,1080,74.78
1294,885184.5825,885184.615024208,1920,1080,85.1075
1295,885184.5985,885184.632001958,1920,1080,91.4575
1296,885184.6155,885184.648090875,1920,1080,91.8225
1297,885184.6325,885184.662554958,1920,1080,91.76
1298,885184.6485,885184.681111458,1920,1080,89.055
1299,885184.6655,885184.701290416,1920,1080,74.77
1300,885184.6835,885184.715801916,1920,1080,63.785
1301,885184.7005,885184.730032416,1920,1080,55.2225
1302,885184.7165,885184.744894083,1920,1080,55.11
1303,885184.7335,885184.759183,1920,1080,49.05
1304,885184.7495,885184.775891041,1920,1080,48.865
1305,885184.7665,885184.79288625,1920,1080,44.755
1306,885184.7835,885184.8112565,1920,1080,43.19
1307,885184.7995,885184.824422916,1920,1080,43.57
1308,885184.8165,885184.841168875,1920,1080,43.6875
1309,885184.8335,885184.860264041,1920,1080,44.5425
1310,885184.8495,885184.871734875,1920,1080,44.2525
1311,885184.8665,885184.894280375,1920,1080,45.07
1312,885184.8825,885184.904851666,1920,1080,53.05
1313,885184.8995,885184.92097325,1920,1080,53.4275
1314,885184.9165,885184.940896708,1920,1080,53.75
1315,885184.9325,885184.951687791,1920,1080,53.4575
1316,885184.9495,885184.984856583,1920,1080,53.83
1317,885184.9665,885185.000518166,1920,1080,53.6875
1318,885184.9825,885185.020205166,1920,1080,53.78
1319,885184.9995,885185.032065083,1920,1080,53.85
1320,885185.0155,885185.048278375,1920,1080,53.7075
1321,885185.0325,885185.063585041,1920,1080,53.85
1322,885185.0495,885185.080595,1920,1080,53.9175
1323,885185.0655,885185.097686291,1920,1080,54.07
1324,885185.0825,885185.114501333,1920,1080,54.0825
1325,885185.0995,885185.129113291,1920,1080,54.0725
1326,885185.1155,885185.143454666,1920,1080,54.09
1327,885185.1325,885185.159822916,1920,1080,54.09
1328,885185.1485,885185.177920416,1920,1080,54.1525
1329,885185.1655,885185.193360541,1920,1080,54.135
1330,885185.1825,885185.21196,1920,1080,54.135
1331,885185.1985,885185.224330458,1920,1080,54.1125
1332,885185.2155,885185.240863958,1920,1080,54.205
1333,885185.2325,885185.254894083,1920,1080,54.1225
1334,885185.2485,885185.274653333,1920,1080,54.1575
1335,885185.2655,885185.288336958,1920,1080,54.0675
1336,885185.2815,885185.305034125,1920,1080,54.12
1337,885185.2985,885185.324668666,1920,1080,54.19
1338,885185.3165,885185.335551291,1920,1080,54.2075
1339,885185.3325,885185.351791625,1920,1080,54.1775
1340,885185.3495,885185.3867585,1920,1080,54.2125
1341,885185.3665,885185.4016905,1920,1080,54.1475
1342,885185.3825,885185.419082,1920,1080,54.055
1343,885185.3995,885185.433221791,1920,1080,54.0475
1344,885185.4155,885185.448757833,1920,1080,54.0875
1345,885185.4325,885185.464257083,1920,1080,54.115
1346,885185.4495,885185.480221,1920,1080,54.18
1347,885185.4655,885185.496760333,1920,1080,54.1825
1348,885185.4825,885185.511246583,1920,1080,54.075
1349,885185.4995,885185.530793083,1920,1080,54.0775
1350,885185.5155,885185.543318625,1920,1080,54.005
1351,885185.5325,885185.559802583,1920,1080,54.0475
1352,885185.5485,885185.578071125,1920,1080,46.8725
1353,885185.5655,885185.592379833,1920,1080,40.7575
1354,885185.5825,885185.607231416,1920,1080,40.6925
1355,885185.5985,885185.622365458,1920,1080,42.2025
1356,885185.6155,885185.641031416,1920,1080,41.685
1357,885185.6325,885185.654876083,1920,1080,41.305
1358,885185.6485,885185.671364625,1920,1080,41.2525
1359,885185.6655,885185.687629166,1920,1080,41.355
1360,885185.6825,885185.7033755,1920,1080,41.835
1361,885185.6995,885185.722479125,1920,1080,51.0025
1362,885185.7165,885185.737302083,1920,1080,43.8725
1363,885185.7325,885185.751277041,1920,1080,53.205
1364,885185.7495,885185.784517666,1920,1080,65.3025
1365,885185.7665,885185.8051675,1920,1080,74.6575
1366,885185.7825,885185.815269541,1920,1080,84.1625
1367,885185.7995,885185.833353375,1920,1080,89.6875
1368,885185.8155,885185.849485625,1920,1080,90.5925
1369,885185.8325,885185.8639515,1920,1080,91.1275
1370,885185.8495,885185.881896833,1920,1080,93.3625
1371,885185.8655,885185.8974665,1920,1080,93.075
1372,885185.8825,885185.913008375,1920,1080,94.3575
1373,885185.8995,885185.934716583,1920,1080,94.505
1374,885185.9155,885185.944464166,1920,1080,94.5925
1375,885185.9325,885185.96135,1920,1080,94.6975
1376,885185.9485,885185.979678666,1920,1080,95.3
1377,885185.9655,885185.99519025,1920,1080,95.42
1378,885185.9825,885186.009570041,1920,1080,96.1475
1379,885185.9985,885186.026944,1920,1080,96.1675
1380,885186.0155,885186.043678833,1920,1080,96.7725
1381,885186.0325,885186.056626666,1920,1080,96.9075
1382,885186.0495,885186.071895125,1920,1080,97.0675
1383,885186.0655,885186.088011291,1920,1080,97.2075
1384,885186.0825,885186.103242458,1920,1080,97.38
1385,885186.0995,885186.124403166,1920,1080,97.3775
1386,885186.1155,885186.141144375,1920,1080,97.4775
1387,885186.1325,885186.151518541,1920,1080,97.53
1388,885186.1485,885186.169116625,1920,1080,97.6225
1389,885186.1655,885186.199702625,1920,1080,97.7325
1390,885186.1825,885186.217742541,1920,1080,97.8825
1391,885186.1985,885186.232849541,1920,1080,97.9325
1392,885186.2155,885186.247796041,1920,1080,97.945
1393,885186.2325,885186.262180583,1920,1080,98.1225
1394,885186.2495,885186.279562833,1920,1080,98.205
1395,885186.2665,885186.296105666,1920,1080,98.4025
1396,885186.2825,885186.311857583,1920,1080,98.3525
1397,885186.2995,885186.331271833,1920,1080,98.425
1398,885186.3165,885186.343308333,1920,1080,98.485
1399,885186.3325,885186.359634958,1920,1080,98.38
1400,885186.3495,885186.379294333,1920,1080,98.245
1401,885186.3665,885186.393512625,1920,1080,98.485
1402,885186.3825,885186.407553083,1920,1080,98.3
1403,885186.3995,885186.426427416,1920,1080,98.395
1404,885186.4155,885186.441289041,1920,1080,98.405
1405,885186.4325,885186.454633291,1920,1080,98.4525
1406,885186.4495,885186.472534791,1920,1080,98.4775
1407,885186.4655,885186.488827791,1920,1080,98.4725
1408,885186.4825,885186.503118125,1920,1080,98.5525
1409,885186.4995,885186.523968208,1920,1080,98.5375
1410,885186.5155,885186.537008458,1920,1080,98.535
1411,885186.5325,885186.550901041,1920,1080,98.59
1412,885186.5485,885186.569726,1920,1080,98.5575
1413,885186.5655,885186.600341125,1920,1080,98.5625
1414,885186.5825,885186.614707583,1920,1080,98.55
1415,885186.5985,885186.632478,1920,1080,98.5475
1416,885186.6155,885186.646842166,1920,1080,98.605
1417,885186.6325,885186.664125458,1920,1080,98.5725
1418,885186.6485,885186.680468375,1920,1080,98.6625
1419,885186.6655,885186.696888666,1920,1080,78.1975
1420,885186.6815,885186.711799833,1920,1080,68.1925
1421,885186.6985,885186.728792291,1920,1080,67.675
1422,885186.7155,885186.747985583,1920,1080,67.4175
1423,885186.7315,885186.762612041,1920,1080,68.0675
1424,885186.7495,885186.777140583,1920,1080,67.9825
1425,885186.7665,885186.794561208,1920,1080,67.5775
1426,885186.7835,885186.808787291,1920,1080,67.68
1427,885186.7995,885186.824922666,1920,1080,67.2325
1428,885186.8165,885186.840852166,1920,1080,67.25
1429,885186.8335,885186.857537041,1920,1080,67.2975
1430,885186.8495,885186.871375375,1920,1080,67.2625
1431,885186.8665,885186.888115791,1920,1080,67.2025
1432,885186.8825,885186.903640708,1920,1080,67.4475
1433,885186.8995,885186.920514875,1920,1080,67.3775
1434,885186.9165,885186.939647041,1920,1080,67.1025
1435,885186.9325,885186.950809541,1920,1080,67.4775
1436,885186.9495,885186.983463458,1920,1080,67.68
1437,885186.9665,885187.002061125,1920,1080,67.5975
1438,885186.9825,885187.01585,1920,1080,67.4325
1439,885186.9995,885187.034866541,1920,1080,67.62
1440,885187.0155,885187.047995,1920,1080,67.5525
1441,885187.0325,885187.064275333,1920,1080,67.55
1442,885187.0495,885187.078361791,1920,1080,67.5825
1443,885187.0655,885187.094520875,1920,1080,67.705
1444,885187.0825,885187.110607041,1920,1080,67.675
1445,885187.0995,885187.128539,1920,1080,67.5375
1446,885187.1155,885187.14254275,1920,1080,67.555
1447,885187.1325,885187.162282458,1920,1080,67.49
1448,885187.1485,885187.17993575,1920,1080,67.64
1449,885187.1655,885187.19319725,1920,1080,67.6325
1450,885187.1825,885187.20988975,1920,1080,67.81
1451,885187.1985,885187.224126208,1920,1080,67.675
1452,885187.2155,885187.243877625,1920,1080,67.7025
1453,885187.2325,885187.256830208,1920,1080,67.805
1454,885187.2485,885187.272878625,1920,1080,67.805
1455,885187.2655,885187.289663458,1920,1080,68.035
1456,885187.2815,885187.302785041,1920,1080,67.63
1457,885187.2985,885187.318917083,1920,1080,67.735
1458,885187.3155,885187.335177708,1920,1080,67.7875
1459,885187.3335,885187.372818166,1920,1080,67.79
1460,885187.3495,885187.384584833,1920,1080,67.7425
1461,885187.3665,885187.39964875,1920,1080,67.7775
1462,885187.3835,885187.414730541,1920,1080,67.6875
1463,885187.3995,885187.431912333,1920,1080,67.8575
1464,885187.4165,885187.448108166,1920,1080,67.66
1465,885187.4335,885187.462457208,1920,1080,67.845
1466,885187.4495,885187.4794785,1920,1080,67.9225
1467,885187.4665,885187.494984041,1920,1080,68.0525
1468,885187.4824666666,885187.511699416,1920,1080,67.8075
1469,885187.4995,885187.528238791,1920,1080,67.8675
1470,885187.5165,885187.543244625,1920,1080,68.0675
1471,885187.5325,885187.560407791,1920,1080,68.0475
1472,885187.5495,885187.581818708,1920,1080,68.1475
1473,885187.5665,885187.592220375,1920,1080,67.79
1474,885187.5824666667,885187.608255166,1920,1080,67.8875
1475,885187.5994666667,885187.625525208,1920,1080,67.9725
1476,885187.6154666666,885187.6403565,1920,1080,67.9625
1477,885187.6324666666,885187.654774208,1920,1080,68.075
1478,885187.6495,885187.674394708,1920,1080,67.8925
1479,885187.6655,885187.688316916,1920,1080,67.81
1480,885187.6825,885187.704140166,1920,1080,68.075
1481,885187.6994666667,885187.720295375,1920,1080,67.9875
1482,885187.7155,885187.734974666,1920,1080,68.0825
1483,885187.7325,885187.752507916,1920,1080,68.135
1484,885187.7484666667,885187.772078458,1920,1080,68.24
1485,885187.7654666667,885187.805287625,1920,1080,68.29
1486,885187.7824666667,885187.820427791,1920,1080,69.8475
1487,885187.7984666667,885187.831501625,1920,1080,71.5775
1488,885187.8154666667,885187.848281458,1920,1080,87.585
1489,885187.8324666667,885187.863804916,1920,1080,92.2075
1490,885187.8484666666,885187.881231791,1920,1080,94.15
1491,885187.8654666666,885187.8973505,1920,1080,94.3725
1492,885187.8814666667,885187.912318041,1920,1080,94.83
1493,885187.8984666667,885187.929356958,1920,1080,95.155
1494,885187.9164666666,885187.944783,1920,1080,95.565
1495,885187.9324666667,885187.959601708,1920,1080,96.2675
1496,885187.9494666667,885187.977737625,1920,1080,96.595
1497,885187.9665,885187.995533125,1920,1080,96.735
1498,885187.9825,885188.008133041,1920,1080,96.8375
1499,885187.9995,885188.024354291,1920,1080,97.1275
1500,885188.0154666667,885188.041659,1920,1080,97.2775
1501,885188.0324666667,885188.055540583,1920,1080,97.3875
1502,885188.0494666666,885188.070467458,1920,1080,97.5075
1503,885188.0654666667,885188.086748458,1920,1080,97.67
1504,885188.0834666666,885188.102615416,1920,1080,97.525
1505,885188.1005,885188.119593375,1920,1080,97.4725
1506,885188.1164666667,885188.136523541,1920,1080,97.3075
1507,885188.1335,885188.16859125,1920,1080,96.995
1508,885188.1494666666,885188.18335725,1920,1080,97.055
1509,885188.1665,885188.201371375,1920,1080,96.895
1510,885188.1834666666,885188.21753575,1920,1080,96.975
1511,885188.1994666667,885188.230198791,1920,1080,97.1575
1512,885188.2164666667,885188.250639583,1920,1080,97.2
1513,885188.2335,885188.267668208,1920,1080,97.3575
1514,885188.2494666667,885188.278756583,1920,1080,97.4475
1515,885188.2664666667,885188.294845666,1920,1080,97.545
1516,885188.2824666667,885188.310718375,1920,1080,97.64
1517,885188.2995,885188.327603291,1920,1080,97.745
1518,885188.3165,885188.343607,1920,1080,97.805
1519,885188.3324666667,885188.359816666,1920,1080,97.715
1520,885188.3494666667,885188.377914041,1920,1080,97.81
1521,885188.3665,885188.396539375,1920,1080,97.79
1522,885188.3825,885188.412385416,1920,1080,97.855
1523,885188.3994666666,885188.423258958,1920,1080,97.935
1524,885188.4154666667,885188.441606083,1920,1080,98.0425
1525,885188.4324666667,885188.4566845,1920,1080,98.1
1526,885188.4494666667,885188.472817583,1920,1080,98.1675
1527,885188.4654666666,885188.491629708,1920,1080,98.1075
1528,885188.4825,885188.505567583,1920,1080,98.19
1529,885188.4995,885188.520818,1920,1080,98.1825
1530,885188.5154666667,885188.538077666,1920,1080,98.19
1531,885188.5324666667,885188.552466958,1920,1080,98.1225
1532,885188.5484666667,885188.571730708,1920,1080,98.17
1533,885188.5654666667,885188.600205083,1920,1080,98.245
1534,885188.5824666667,885188.620100125,1920,1080,98.2425
1535,885188.5984666666,885188.630308166,1920,1080,98.145
1536,885188.6154666666,885188.647755458,1920,1080,98.2075
1537,885188.6325,885188.66337025,1920,1080,98.31
1538,885188.6494666666,885188.679567375,1920,1080,98.235
1539,885188.6654666667,885188.695625541,1920,1080,98.21
1540,885188.6824666667,885188.711620083,1920,1080,98.3025
1541,885188.6994666667,885188.728150083,1920,1080,98.3075
1542,885188.7154666666,885188.742844,1920,1080,98.1975
1543,885188.7324666666,885188.760653,1920,1080,98.27
1544,885188.7484666667,885188.776029875,1920,1080,98.2325
1545,885188.7654666667,885188.792718125,1920,1080,98.3125
1546,885188.7824666667,885188.814716916,1920,1080,98.285
1547,885188.7984666667,885188.824095041,1920,1080,98.345
1548,885188.8154666667,885188.840277958,1920,1080,98.3025
1549,885188.8324666667,885188.858784875,1920,1080,98.18
1550,885188.8494666667,885188.871906375,1920,1080,98.2675
1551,885188.8654666666,885188.889356625,1920,1080,98.1875
1552,885188.8824666666,885188.905255958,1920,1080,78.045
1553,885188.8994666666,885188.920952208,1920,1080,45.6175
1554,885188.9154666667,885188.93725725,1920,1080,41.2225
1555,885188.9324666667,885188.9530375,1920,1080,41.035
1556,885188.9484666666,885188.96927925,1920,1080,40.9425
1557,885188.9654666666,885189.003301083,1920,1080,40.9475
1558,885188.9824666666,885189.01735025,1920,1080,40.9275
1559,885188.9994666667,885189.030909416,1920,1080,40.9475
1560,885189.0164666667,885189.0468505,1920,1080,41.0125
1561,885189.0334666667,885189.06598475,1920,1080,40.955
1562,885189.0494666666,885189.079676791,1920,1080,41.1675
1563,885189.0664666666,885189.096393666,1920,1080,40.9525
1564,885189.0824666667,885189.111210916,1920,1080,40.835
1565,885189.0994666667,885189.127654708,1920,1080,40.7575
1566,885189.1164666667,885189.143008958,1920,1080,40.735
1567,885189.1324666666,885189.159893458,1920,1080,40.8125
1568,885189.1495,885189.17855175,1920,1080,40.6875
1569,885189.1664666666,885189.192256833,1920,1080,40.615
1570,885189.1824666667,885189.212524375,1920,1080,40.67
1571,885189.1994666667,885189.2297425,1920,1080,40.5975
1572,885189.2154666666,885189.237717,1920,1080,40.655
1573,885189.2324666666,885189.253650875,1920,1080,40.6975
1574,885189.2494666667,885189.270901541,1920,1080,40.805
1575,885189.2654666667,885189.288163,1920,1080,40.845
1576,885189.2824666667,885189.302870875,1920,1080,40.845
1577,885189.2994666666,885189.319443458,1920,1080,40.935
1578,885189.3154666667,885189.335831791,1920,1080,40.8275
1579,885189.3324666667,885189.35288625,1920,1080,40.8875
1580,885189.3484666666,885189.370160166,1920,1080,40.805
1581,885189.3654666666,885189.4012105,1920,1080,40.8225
1582,885189.3824666666,885189.416935208,1920,1080,40.7775
1583,885189.3984666667,885189.431632166,1920,1080,40.8175
1584,885189.4154666667,885189.446746291,1920,1080,40.7125
1585,885189.4324666667,885189.462844708,1920,1080,40.8225
1586,885189.4484666666,885189.479671458,1920,1080,40.7775
1587,885189.4654666666,885189.495689625,1920,1080,40.845
1588,885189.4814666667,885189.511977833,1920,1080,40.8275
1589,885189.4994666667,885189.535183291,1920,1080,40.82
1590,885189.5164666667,885189.542481541,1920,1080,40.7575
1591,885189.5324666667,885189.559878416,1920,1080,40.775
1592,885189.5494666666,885189.578095083,1920,1080,40.8225
1593,885189.5664666666,885189.593227625,1920,1080,40.85
1594,885189.5824666667,885189.613229,1920,1080,40.82
1595,885189.5994666667,885189.622165041,1920,1080,40.74
1596,885189.6155,885189.639192166,1920,1080,40.7625
1597,885189.6324666666,885189.654770916,1920,1080,40.7325
1598,885189.6494666666,885189.672889666,1920,1080,40.805
1599,885189.6654666667,885189.689229791,1920,1080,40.735
1600,885189.6824666667,885189.704390916,1920,1080,40.74
1601,885189.6994666667,885189.720389916,1920,1080,40.8075
1602,885189.7154666666,885189.735268791,1920,1080,40.7975
1603,885189.7324666666,885189.75214675,1920,1080,40.85
1604,885189.7484666667,885189.769353375,1920,1080,40.895
1605,885189.7654666667,885189.8013585,1920,1080,40.8325
1606,885189.7824666667,885189.817515666,1920,1080,40.85
1607,885189.7994666666,885189.836889583,1920,1080,40.7975
1608,885189.8154666667,885189.848298416,1920,1080,40.9025
1609,885189.8324666667,885189.863757041,1920,1080,40.77
1610,885189.8494666667,885189.880730416,1920,1080,40.735
1611,885189.8654666666,885189.89677675,1920,1080,40.7575
1612,885189.8824666666,885189.913400416,1920,1080,40.735
1613,885189.8994666666,885189.929438041,1920,1080,40.7375
1614,885189.9154666667,885189.944422416,1920,1080,40.7675
1615,885189.9324666667,885189.960924666,1920,1080,40.77
1616,885189.9484666666,885189.977794958,1920,1080,40.7275
1617,885189.9664666667,885189.994491125,1920,1080,40.7
1618,885189.9824666666,885190.013133875,1920,1080,40.6175
1619,885189.9994666667,885190.029273958,1920,1080,40.615
1620,885190.0154666667,885190.040005333,1920,1080,46.7875
1621,885190.0324666667,885190.058828083,1920,1080,47.945
1622,885190.0494666666,885190.07570525,1920,1080,75.88
1623,885190.0654666667,885190.091871375,1920,1080,88.095
1624,885190.0824666667,885190.103556166,1920,1080,93.2475
1625,885190.0994666667,885190.122854458,1920,1080,94.15
1626,885190.1154666666,885190.1366465,1920,1080,95.205
1627,885190.1334666667,885190.169108333,1920,1080,95.0625
1628,885190.1494666666,885190.183654625,1920,1080,95.9325
1629,885190.1664666666,885190.200116041,1920,1080,96.3925
1630,885190.1834666666,885190.219576166,1920,1080,96.79
1631,885190.1994666667,885190.231720041,1920,1080,97.11
1632,885190.2164666667,885190.248747,1920,1080,97.22
1633,885190.2334666667,885190.263685208,1920,1080,97.525
1634,885190.2494666667,885190.279967,1920,1080,97.73
1635,885190.2664666667,885190.295179125,1920,1080,97.99
1636,885190.2824666667,885190.311876833,1920,1080,97.5625
1637,885190.2994666666,885190.326982458,1920,1080,97.9175
1638,885190.3164666666,885190.344821083,1920,1080,97.4125
1639,885190.3324666667,885190.359840333,1920,1080,97.3725
1640,885190.3494666667,885190.378593875,1920,1080,94.28
1641,885190.3664666667,885190.392271666,1920,1080,93.9025
1642,885190.3824666666,885190.408926416,1920,1080,93.98
1643,885190.3994666666,885190.425604625,1920,1080,94.3025
1644,885190.4154666667,885190.445480125,1920,1080,94.72
1645,885190.4324666667,885190.455037708,1920,1080,95.01
1646,885190.4494666667,885190.473246333,1920,1080,95.6525
1647,885190.4654666666,885190.488699875,1920,1080,96.235
1648,885190.4824666666,885190.505578416,1920,1080,96.3125
1649,885190.4994666667,885190.521580708,1920,1080,96.55
1650,885190.5154666667,885190.538047083,1920,1080,96.5075
1651,885190.5324666667,885190.553557833,1920,1080,96.685
1652,885190.5484666667,885190.569365708,1920,1080,96.765
1653,885190.5654666667,885190.600130625,1920,1080,96.985
1654,885190.5824666667,885190.6143685,1920,1080,97.0475
1655,885190.5984666666,885190.631610333,1920,1080,97.1975
1656,885190.6154666666,885190.652926166,1920,1080,97.2325
1657,885190.6324666666,885190.667738083,1920,1080,97.295
1658,885190.6484666667,885190.679521375,1920,1080,97.4425
1659,885190.6664666666,885190.695448,1920,1080,97.4575
1660,885190.6824666667,885190.711703125,1920,1080,97.67
1661,885190.6994666667,885190.729218583,1920,1080,97.6875
1662,885190.7164666667,885190.742769083,1920,1080,97.685
1663,885190.7324666666,885190.761322583,1920,1080,97.8725
1664,885190.7494666667,885190.77580375,1920,1080,97.96
1665,885190.7664666667,885190.793449333,1920,1080,97.9475
1666,885190.7834666667,885190.811103333,1920,1080,98.02
1667,885190.7994666666,885190.824155083,1920,1080,97.97
1668,885190.8164666666,885190.846014,1920,1080,98.13
1669,885190.8334666666,885190.857977666,1920,1080,98.1075
1670,885190.8494666667,885190.874774791,1920,1080,98.165
1671,885190.8664666667,885190.890960291,1920,1080,98.2575
1672,885190.8824666666,885190.903597208,1920,1080,98.2275
1673,885190.8994666666,885190.921855625,1920,1080,98.2375
1674,885190.9164666666,885190.9405525,1920,1080,98.35
1675,885190.9324666667,885190.951799375,1920,1080,98.3325
1676,885190.9494666667,885190.984841916,1920,1080,98.355
1677,885190.9664666667,885191.001294666,1920,1080,98.4625
1678,885190.9824666666,885191.020306083,1920,1080,98.515
1679,885190.9994666667,885191.031124791,1920,1080,98.37
1680,885191.0154666667,885191.048388458,1920,1080,98.4775
1681,885191.0324666667,885191.069324041,1920,1080,98.34
1682,885191.0494666666,885191.083847291,1920,1080,98.49
1683,885191.0654666667,885191.095486083,1920,1080,98.525
1684,885191.0824666667,885191.111855333,1920,1080,98.4175
1685,885191.0994666667,885191.129961958,1920,1080,98.3225
1686,885191.1154666666,885191.142808166,1920,1080,98.345
1687,885191.1324666666,885191.159066208,1920,1080,98.2875
1688,885191.1484666667,885191.177636333,1920,1080,90.345
1689,885191.1654666667,885191.192228708,1920,1080,49.445
1690,885191.1824666667,885191.210471583,1920,1080,42.0325
1691,885191.1984666666,885191.224340333,1920,1080,41.31
1692,885191.2154666666,885191.23985225,1920,1080,40.895
1693,885191.2324666666,885191.261164791,1920,1080,40.485
1694,885191.2484666667,885191.271486541,1920,1080,40.775
1695,885191.2664666667,885191.289056166,1920,1080,40.8975
1696,885191.2824666667,885191.30279275,1920,1080,40.6775
1697,885191.2994666666,885191.320444791,1920,1080,40.59
1698,885191.3164666666,885191.337044916,1920,1080,40.76
1699,885191.3324666667,885191.352673333,1920,1080,40.6475
1700,885191.3494666667,885191.384871916,1920,1080,40.6425
1701,885191.3664666667,885191.400090583,1920,1080,40.675
1702,885191.3824666666,885191.4190445,1920,1080,40.51
1703,885191.3994666666,885191.431609666,1920,1080,40.525
1704,885191.4154666667,885191.447764375,1920,1080,40.4475
1705,885191.4324666667,885191.465581416,1920,1080,40.505
1706,885191.4494666667,885191.48204675,1920,1080,40.5075
1707,885191.4654666666,885191.495352291,1920,1080,40.485
1708,885191.4834666667,885191.511934208,1920,1080,40.485
1709,885191.5004666667,885191.527801916,1920,1080,40.4875
1710,885191.5164666667,885191.542868166,1920,1080,40.485
1711,885191.5334666667,885191.560665958,1920,1080,40.5025
1712,885191.5494666666,885191.579354916,1920,1080,40.44
1713,885191.5664666666,885191.59288425,1920,1080,40.5025
1714,885191.5834666666,885191.612187458,1920,1080,40.4725
1715,885191.5994666667,885191.625857916,1920,1080,40.4425
1716,885191.6164666667,885191.64060325,1920,1080,40.5025
1717,885191.6334666667,885191.664209208,1920,1080,40.5825
1718,885191.6504666667,885191.682209083,1920,1080,40.4475
1719,885191.6664666666,885191.687219166,1920,1080,40.4625
1720,885191.6834666666,885191.704191208,1920,1080,40.4425
1721,885191.7004666667,885191.720717791,1920,1080,40.4675
1722,885191.7164666667,885191.737810041,1920,1080,40.4975
1723,885191.7334666667,885191.77125525,1920,1080,40.395
1724,885191.7494666667,885191.782463333,1920,1080,40.4425
1725,885191.7664666667,885191.799411041,1920,1080,40.4825
1726,885191.7834666667,885191.816043083,1920,1080,40.5225
1727,885191.7994666666,885191.831750083,1920,1080,40.5
1728,885191.8164666666,885191.847166833,1920,1080,40.435
1729,885191.8334666666,885191.866116833,1920,1080,40.46
1730,885191.8494666667,885191.879302416,1920,1080,40.4425
1731,885191.8664666667,885191.894773333,1920,1080,40.5075
1732,885191.8824666666,885191.911561041,1920,1080,40.4475
1733,885191.8994666666,885191.928289916,1920,1080,40.51
1734,885191.9164666666,885191.944697125,1920,1080,40.555
1735,885191.9324666667,885191.962415166,1920,1080,40.435
1736,885191.9494666667,885191.977112,1920,1080,40.5375
1737,885191.9664666667,885191.995448333,1920,1080,40.5075
1738,885191.9824666666,885192.010214541,1920,1080,40.6525
1739,885191.9994666667,885192.02457675,1920,1080,40.6
1740,885192.0154666667,885192.043375583,1920,1080,40.505
1741,885192.0324666667,885192.056755583,1920,1080,40.5225
1742,885192.0494666666,885192.075593041,1920,1080,40.4525
1743,885192.0654666667,885192.08920625,1920,1080,40.53
1744,885192.0824666667,885192.103276458,1920,1080,40.5475
1745,885192.0994666667,885192.120859791,1920,1080,40.4925
1746,885192.1154666666,885192.135321458,1920,1080,40.545
1747,885192.1324666666,885192.15247575,1920,1080,40.4975
1748,885192.1484666667,885192.168677125,1920,1080,40.515
1749,885192.1664666666,885192.200322333,1920,1080,40.5525
1750,885192.1834666666,885192.2145225,1920,1080,40.4825
1751,885192.1994666667,885192.231905625,1920,1080,40.4575
1752,885192.2164666667,885192.247848208,1920,1080,40.64
1753,885192.2334666667,885192.264102166,1920,1080,40.6075
1754,885192.2494666667,885192.284408458,1920,1080,40.58
1755,885192.2664666667,885192.297417125,1920,1080,40.51
1756,885192.2824666667,885192.311277375,1920,1080,40.545
1757,885192.2994666666,885192.32775325,1920,1080,40.485
1758,885192.3164666666,885192.342929875,1920,1080,40.59
1759,885192.3334666666,885192.359997916,1920,1080,40.595
1760,885192.3504666666,885192.376003833,1920,1080,40.51
1761,885192.3674666666,885192.392442083,1920,1080,40.53
1762,885192.3834666667,885192.408739916,1920,1080,40.4525
1763,885192.4004666667,885192.423108375,1920,1080,40.425
1764,885192.4164666666,885192.440417416,1920,1080,40.525
1765,885192.4334666666,885192.455057958,1920,1080,40.5575
1766,885192.4504666667,885192.476739625,1920,1080,40.435
1767,885192.4664666667,885192.49256175,1920,1080,40.4275
1768,885192.4834666667,885192.504628958,1920,1080,40.505
1769,885192.5004666667,885192.52068375,1920,1080,40.47
1770,885192.5164666667,885192.536799291,1920,1080,40.4475
1771,885192.5334666667,885192.569718833,1920,1080,40.3525
1772,885192.5494666666,885192.583048291,1920,1080,40.34
1773,885192.5664666666,885192.599728666,1920,1080,40.375
1774,885192.5834666666,885192.6164795,1920,1080,40.3725
1775,885192.5994666667,885192.630729041,1920,1080,49.69
1776,885192.6164666667,885192.647436541,1920,1080,42.55
1777,885192.6334666667,885192.663161958,1920,1080,44.275
1778,885192.6494666666,885192.679056916,1920,1080,53.8775
1779,885192.6664666666,885192.697805041,1920,1080,69.71
1780,885192.6824666667,885192.712045,1920,1080,75.9375
1781,885192.6994666667,885192.727153125,1920,1080,83.0225
1782,885192.7164666667,885192.742781958,1920,1080,84.61
1783,885192.7324666666,885192.75950875,1920,1080,83.44
1784,885192.7494333333,885192.779958916,1920,1080,90.255
1785,885192.7664666667,885192.791043,1920,1080,92.72
1786,885192.7824333333,885192.808058916,1920,1080,93.7525
1787,885192.7994333333,885192.824586583,1920,1080,93.56
1788,885192.8154333333,885192.83931375,1920,1080,94.1925
1789,885192.8324333334,885192.856109166,1920,1080,94.0975
1790,885192.8494333334,885192.872122916,1920,1080,94.5475
1791,885192.8654333333,885192.888282416,1920,1080,95.5675
1792,885192.8824333333,885192.909499125,1920,1080,96.7925
1793,885192.8994333333,885192.920400625,1920,1080,97.1375
1794,885192.9154333334,885192.934421375,1920,1080,97.69
1795,885192.9324666667,885192.950856916,1920,1080,98.1525
1796,885192.9484333333,885192.967277625,1920,1080,98.1825
1797,885192.9654333333,885192.999427791,1920,1080,98.315
1798,885192.9824666666,885193.016238083,1920,1080,98.475
1799,885192.9994333333,885193.030826166,1920,1080,98.5675
1800,885193.0154333333,885193.04773075,1920,1080,98.7475
1801,885193.0324333333,885193.063012291,1920,1080,98.8875
1802,885193.0494333333,885193.079123375,1920,1080,98.9725
1803,885193.0654333333,885193.095609291,1920,1080,99.095
1804,885193.0824333334,885193.116301125,1920,1080,99.315
1805,885193.0994333334,885193.131169666,1920,1080,99.4175
1806,885193.1154333333,885193.144279916,1920,1080,99.5775
1807,885193.1324666666,885193.160626875,1920,1080,99.7025
1808,885193.1494333333,885193.180027708,1920,1080,99.7725
1809,885193.1664666666,885193.191308041,1920,1080,99.925
1810,885193.1834333333,885193.207573958,1920,1080,99.895
1811,885193.2004333333,885193.224378541,1920,1080,99.955
1812,885193.2164666667,885193.240337125,1920,1080,100.08
1813,885193.2334666667,885193.255502833,1920,1080,100.1275
1814,885193.2504666667,885193.273929541,1920,1080,100.135
1815,885193.2674666666,885193.289553208,1920,1080,98.0675
1816,885193.2834333334,885193.3084705,1920,1080,96.6
1817,885193.3004333334,885193.320925875,1920,1080,95.3025
1818,885193.3174333334,885193.352468,1920,1080,94.1925
1819,885193.3344333334,885193.368311291,1920,1080,93.255
1820,885193.3504333333,885193.383932375,1920,1080,93.1275
1821,885193.3674333333,885193.399907708,1920,1080,93.0675
1822,885193.3844333333,885193.41439375,1920,1080,93.17
1823,885193.4004666667,885193.431567583,1920,1080,93.04
1824,885193.4174333334,885193.447777083,1920,1080,93.4
1825,885193.4344333333,885193.462534708,1920,1080,93.675
1826,885193.4504333333,885193.479695791,1920,1080,93.8875
1827,885193.4674666667,885193.49559225,1920,1080,94.0475
1828,885193.4834333333,885193.517483125,1920,1080,94.9375
1829,885193.5004666667,885193.531015833,1920,1080,95.04
1830,885193.5174333333,885193.54452475,1920,1080,94.9
1831,885193.5334666667,885193.560339958,1920,1080,94.82
1832,885193.5504666667,885193.578173791,1920,1080,94.965
1833,885193.5674333334,885193.595406916,1920,1080,95.075
1834,885193.5834333333,885193.61419925,1920,1080,95.1925
1835,885193.6004333333,885193.624304,1920,1080,95.3825
1836,885193.6164333334,885193.639952375,1920,1080,95.3925
1837,885193.6334333334,885193.6559065,1920,1080,95.3825
1838,885193.6504333334,885193.671783916,1920,1080,95.47
1839,885193.6664666666,885193.686426208,1920,1080,95.6525
1840,885193.6834333333,885193.7076415,1920,1080,95.6425
1841,885193.7004333333,885193.720231125,1920,1080,95.6425
1842,885193.7164333333,885193.737853875,1920,1080,95.7525
1843,885193.7334333333,885193.769817958,1920,1080,95.765
1844,885193.7494333333,885193.784345166,1920,1080,95.845
1845,885193.7664333333,885193.800943875,1920,1080,95.9175
1846,885193.7834333334,885193.819966666,1920,1080,96.0025
1847,885193.7994333333,885193.830401708,1920,1080,95.9725
1848,885193.8164333333,885193.84796625,1920,1080,96.07
1849,885193.8334333333,885193.863330041,1920,1080,96.085
1850,885193.8494333334,885193.879543916,1920,1080,96.115
1851,885193.8664333334,885193.897280625,1920,1080,96.095
1852,885193.8824333333,885193.912573375,1920,1080,96.18
1853,885193.8994333333,885193.936249875,1920,1080,96.21
1854,885193.9164333333,885193.946051041,1920,1080,96.16
1855,885193.9324333334,885193.964032875,1920,1080,96.2775
1856,885193.9494333334,885193.980601458,1920,1080,96.2675
1857,885193.9664333333,885193.994531708,1920,1080,96.1675
1858,885193.9824333333,885194.010841833,1920,1080,96.1975
1859,885193.9994333333,885194.024900083,1920,1080,96.3
1860,885194.0154333333,885194.044635125,1920,1080,96.1875
1861,885194.0324333333,885194.056258,1920,1080,96.1825
1862,885194.0494333333,885194.070878541,1920,1080,96.28
1863,885194.0654333333,885194.08706025,1920,1080,96.2725
1864,885194.0824333334,885194.10336725,1920,1080,96.36
1865,885194.0994666667,885194.124560041,1920,1080,96.3825
1866,885194.1154666666,885194.137960708,1920,1080,96.4125
1867,885194.1324333333,885194.152742541,1920,1080,96.1875
1868,885194.1484333334,885194.170176333,1920,1080,96.15
1869,885194.1654333334,885194.200010708,1920,1080,96.2425
1870,885194.1824333334,885194.21446775,1920,1080,96.4375
1871,885194.1984333333,885194.232144083,1920,1080,96.2825
1872,885194.2154333333,885194.249496416,1920,1080,96.375
1873,885194.2324333333,885194.264687041,1920,1080,88.66
1874,885194.2484333334,885194.2793415,1920,1080,51.8225
1875,885194.2654333333,885194.295687208,1920,1080,42.31
1876,885194.2824333333,885194.312191375,1920,1080,41.315
1877,885194.2994333333,885194.328668625,1920,1080,40.7925
1878,885194.3164333333,885194.346998541,1920,1080,41.0075
1879,885194.3324333334,885194.359862708,1920,1080,40.695
1880,885194.3494333334,885194.375638833,1920,1080,40.7175
1881,885194.3664333334,885194.392404208,1920,1080,40.92
1882,885194.3824333333,885194.409160666,1920,1080,40.69
1883,885194.3994333333,885194.422604208,1920,1080,40.7575
1884,885194.4154333334,885194.440665708,1920,1080,40.625
1885,885194.4324333334,885194.456031166,1920,1080,40.7525
1886,885194.4494333334,885194.471848541,1920,1080,40.595
1887,885194.4654333333,885194.487269208,1920,1080,40.615
1888,885194.4824333333,885194.502457708,1920,1080,40.535
1889,885194.4994333333,885194.521791291,1920,1080,40.47
1890,885194.5154333333,885194.535700166,1920,1080,40.725
1891,885194.5324333333,885194.55628075,1920,1080,40.565
1892,885194.5484333333,885194.572588333,1920,1080,40.6025
1893,885194.5654333333,885194.600133291,1920,1080,40.595
1894,885194.5824333334,885194.619271708,1920,1080,42.0875
1895,885194.5984333333,885194.630638166,1920,1080,41.2475
1896,885194.6154333333,885194.646708375,1920,1080,41.0425
1897,885194.6334333334,885194.663562333,1920,1080,41.165
1898,885194.6494333333,885194.68069675,1920,1080,41.1475
1899,885194.6664333333,885194.696287083,1920,1080,43.3975
1900,885194.6824333334,885194.713358791,1920,1080,64.55
1901,885194.6994333334,885194.731048541,1920,1080,78.7975
1902,885194.7164333333,885194.745929333,1920,1080,86.715
1903,885194.7324333333,885194.766996,1920,1080,92.6075
1904,885194.7494333333,885194.776656083,1920,1080,94.6425
1905,885194.7664333333,885194.793592125,1920,1080,95.78
1906,885194.7834333334,885194.811254125,1920,1080,95.9575
1907,885194.7994333333,885194.824905083,1920,1080,96.52
1908,885194.8164333333,885194.840330416,1920,1080,97.09
1909,885194.8334333333,885194.855783625,1920,1080,97.425
1910,885194.8504333333,885194.871834958,1920,1080,97.77
1911,885194.8664333334,885194.887997083,1920,1080,98.32
1912,885194.8834333334,885194.90405275,1920,1080,98.545
1913,885194.9004333334,885194.919739541,1920,1080,98.9675
1914,885194.9164333333,885194.937628375,1920,1080,99.2575
1915,885194.9334333333,885194.973946541,1920,1080,99.5525
1916,885194.9494333334,885194.990067416,1920,1080,99.8075
1917,885194.9664333333,885194.999843083,1920,1080,99.9425
1918,885194.9834333333,885195.01972775,1920,1080,100.115
1919,885194.9994333333,885195.034994708,1920,1080,100.3825
1920,885195.0164333333,885195.047989166,1920,1080,100.5375
1921,885195.0334333334,885195.063768333,1920,1080,100.6575
1922,885195.0494333333,885195.079743083,1920,1080,100.7625
1923,885195.0664333333,885195.098894208,1920,1080,100.8275
1924,885195.0824333334,885195.111462125,1920,1080,100.9575
1925,885195.0994333334,885195.131681,1920,1080,101.0225
1926,885195.1164333334,885195.14209075,1920,1080,101.125
1927,885195.1324333333,885195.1586615,1920,1080,101.2475
1928,885195.1494333333,885195.178302208,1920,1080,101.36
1929,885195.1664333333,885195.19218,1920,1080,101.5025
1930,885195.1824333334,885195.207788541,1920,1080,101.67
1931,885195.1994333334,885195.222817416,1920,1080,101.6625
1932,885195.2154333333,885195.240579708,1920,1080,101.8225
1933,885195.2324333333,885195.254719333,1920,1080,101.8375
1934,885195.2494333333,885195.270878458,1920,1080,101.8125
1935,885195.2654333333,885195.287115041,1920,1080,101.8825
1936,885195.2824333333,885195.303124291,1920,1080,101.985
1937,885195.2994333333,885195.320314583,1920,1080,102.0725
1938,885195.3154333333,885195.337889833,1920,1080,102.015
1939,885195.3324333334,885195.350814916,1920,1080,102.075
1940,885195.3484333333,885195.369157416,1920,1080,101.99
1941,885195.3654333333,885195.403650125,1920,1080,101.935
1942,885195.3824333333,885195.419183541,1920,1080,101.93
1943,885195.3984333334,885195.431370375,1920,1080,102.0525
1944,885195.4164333333,885195.447500541,1920,1080,102.0875
1945,885195.4334333333,885195.463300041,1920,1080,102.14
1946,885195.4494333334,885195.479607791,1920,1080,102.255
1947,885195.4664333333,885195.497213583,1920,1080,102.305
1948,885195.4824333333,885195.51259375,1920,1080,102.385
1949,885195.4994333333,885195.528738083,1920,1080,102.3225
1950,885195.5164333333,885195.542970291,1920,1080,102.4425
1951,885195.5334333334,885195.559366291,1920,1080,102.48
1952,885195.5494333333,885195.577340916,1920,1080,102.6325
1953,885195.5664333333,885195.596588791,1920,1080,102.57
1954,885195.5834333333,885195.618904958,1920,1080,102.45
1955,885195.5994333334,885195.622611375,1920,1080,102.4175
1956,885195.6164333334,885195.6396195,1920,1080,102.4
1957,885195.6334333334,885195.654968958,1920,1080,102.5
1958,885195.6494333333,885195.671774125,1920,1080,102.51
1959,885195.6664333333,885195.688803625,1920,1080,102.56
1960,885195.6824333334,885195.703876291,1920,1080,102.6475
1961,885195.6994333334,885195.719976083,1920,1080,102.6125
1962,885195.7164333333,885195.737938291,1920,1080,102.5925
1963,885195.7324333333,885195.751046958,1920,1080,102.6475
1964,885195.7494333333,885195.78411775,1920,1080,102.7875
1965,885195.7664333333,885195.80536325,1920,1080,102.75
1966,885195.7824333333,885195.8149015,1920,1080,102.66
1967,885195.7994333333,885195.831650375,1920,1080,102.7225
1968,885195.8154333333,885195.847978,1920,1080,102.7075
1969,885195.8324333334,885195.864307375,1920,1080,102.8575
1970,885195.8494333334,885195.880453,1920,1080,102.7075
1971,885195.8654333333,885195.8969615,1920,1080,102.7
1972,885195.8824333333,885195.912971625,1920,1080,102.6475
1973,885195.8994333333,885195.931618625,1920,1080,102.5975
1974,885195.9154333334,885195.94340975,1920,1080,102.5675
1975,885195.9324333334,885195.962118708,1920,1080,102.5125
1976,885195.9484333333,885195.977542958,1920,1080,102.405
1977,885195.9654333333,885195.995499416,1920,1080,102.515
1978,885195.9824333333,885196.020450583,1920,1080,102.545
1979,885195.9984333334,885196.026399708,1920,1080,102.6875
1980,885196.0164333333,885196.0392505,1920,1080,102.605
1981,885196.0334333334,885196.05439175,1920,1080,102.665
1982,885196.0494333333,885196.07122725,1920,1080,102.715
1983,885196.0664333333,885196.087492708,1920,1080,102.6375
1984,885196.0824333334,885196.103300333,1920,1080,102.78
1985,885196.0994333334,885196.12014675,1920,1080,102.6875
1986,885196.1164333334,885196.135914333,1920,1080,102.605
1987,885196.1324333333,885196.152632583,1920,1080,102.595
1988,885196.1494333333,885196.184456166,1920,1080,102.6725
1989,885196.1664333333,885196.199185125,1920,1080,102.57
1990,885196.1824333334,885196.220443041,1920,1080,102.595
1991,885196.1994333334,885196.230384333,1920,1080,102.615
1992,885196.2154333333,885196.246571083,1920,1080,102.69
1993,885196.2324333333,885196.264138958,1920,1080,102.7925
1994,885196.2494333333,885196.280965791,1920,1080,102.7725
1995,885196.2654333333,885196.296130291,1920,1080,102.8975
1996,885196.2834333334,885196.312435666,1920,1080,102.8975
1997,885196.3004333334,885196.327840166,1920,1080,102.89
1998,885196.3174333334,885196.34299825,1920,1080,102.8925
1999,885196.3334333333,885196.360235625,1920,1080,102.9425
2000,885196.3504333333,885196.378847083,1920,1080,102.915
2001,885196.3674333333,885196.394318208,1920,1080,102.85
2002,885196.3834333334,885196.413577083,1920,1080,102.8375
2003,885196.4004333334,885196.424028125,1920,1080,102.8925
2004,885196.4164333333,885196.440792458,1920,1080,102.7525
2005,885196.4334333333,885196.456735,1920,1080,102.775
2006,885196.4504333333,885196.473193583,1920,1080,102.8325
2007,885196.4664333333,885196.487587625,1920,1080,102.77
2008,885196.4834333333,885196.502746625,1920,1080,102.7775
2009,885196.5004333333,885196.518779208,1920,1080,102.685
2010,885196.5164333333,885196.536767958,1920,1080,102.735
2011,885196.5334333334,885196.570094833,1920,1080,102.7125
2012,885196.5494333333,885196.583894875,1920,1080,102.7425
2013,885196.5664333333,885196.600657625,1920,1080,102.7625
2014,885196.5834333333,885196.620042625,1920,1080,102.7525
2015,885196.5994333334,885196.630186083,1920,1080,102.83
2016,885196.6164333334,885196.646923208,1920,1080,102.82
2017,885196.6334333334,885196.663338166,1920,1080,102.8975
2018,885196.6494333333,885196.679927625,1920,1080,102.8325
2019,885196.6664333333,885196.694986166,1920,1080,102.8475
2020,885196.6824333334,885196.712590458,1920,1080,102.925
2021,885196.6994333334,885196.728826416,1920,1080,102.865
2022,885196.7164333333,885196.743907916,1920,1080,102.8525
2023,885196.7324333333,885196.763113833,1920,1080,102.86
2024,885196.7494333333,885196.778369,1920,1080,102.7975
2025,885196.7664333333,885196.794009583,1920,1080,102.85
2026,885196.7824333333,885196.8101105,1920,1080,102.9075
2027,885196.7994333333,885196.827079791,1920,1080,102.9175
2028,885196.8154333333,885196.842033291,1920,1080,102.77
2029,885196.8324333334,885196.855079833,1920,1080,102.8775
2030,885196.8494333334,885196.872723583,1920,1080,102.87
2031,885196.8664333334,885196.888264166,1920,1080,102.8325
2032,885196.8824333333,885196.903712333,1920,1080,102.9275
2033,885196.8994333333,885196.921087166,1920,1080,103.0725
2034,885196.9164333333,885196.935801375,1920,1080,102.985
2035,885196.9324333334,885196.953883958,1920,1080,102.965
2036,885196.9494333334,885196.985848375,1920,1080,102.9825
2037,885196.9664333333,885197.002025083,1920,1080,102.8125
2038,885196.9834333333,885197.015965583,1920,1080,102.8825
2039,885196.9994333333,885197.040985291,1920,1080,102.9475
2040,885197.0164333333,885197.047904791,1920,1080,102.9725
2041,885197.0334333334,885197.064106625,1920,1080,103.145
2042,885197.0494333333,885197.080707083,1920,1080,103.2175
2043,885197.0664333333,885197.096207375,1920,1080,103.0975
2044,885197.0824333334,885197.1116105,1920,1080,103.18
2045,885197.0994333334,885197.12777275,1920,1080,103.14
2046,885197.1164333334,885197.1427605,1920,1080,103.085
2047,885197.1324333333,885197.15834,1920,1080,103.1125
2048,885197.1494333333,885197.178230208,1920,1080,103.06
2049,885197.1664333333,885197.193087666,1920,1080,102.99
2050,885197.1824333334,885197.210847833,1920,1080,103.0225
2051,885197.1994333334,885197.228849708,1920,1080,103.005
2052,885197.2154333333,885197.240798291,1920,1080,103.0925
2053,885197.2324333333,885197.262235375,1920,1080,102.9625
2054,885197.2494333333,885197.271441791,1920,1080,103.05
2055,885197.2654333333,885197.28692775,1920,1080,102.9225
2056,885197.2824333333,885197.308835125,1920,1080,102.9225
2057,885197.2994333333,885197.320434708,1920,1080,102.9675
2058,885197.3154333333,885197.338008208,1920,1080,103.005
2059,885197.3324333334,885197.351208208,1920,1080,102.8375
2060,885197.3484333333,885197.368763125,1920,1080,102.9575
2061,885197.3654333333,885197.401396416,1920,1080,102.9
2062,885197.3824333333,885197.417211166,1920,1080,102.845
2063,885197.3994333333,885197.434790416,1920,1080,102.815
2064,885197.4154333334,885197.456055125,1920,1080,102.7
2065,885197.4324333334,885197.462380958,1920,1080,102.8
2066,885197.4494333334,885197.479509791,1920,1080,102.875
2067,885197.4654333333,885197.494495291,1920,1080,102.905
2068,885197.4824333333,885197.511745708,1920,1080,102.845
2069,885197.4994333333,885197.527591375,1920,1080,102.85
2070,885197.5154333333,885197.542443083,1920,1080,102.8625
2071,885197.5324333333,885197.558380541,1920,1080,102.83
2072,885197.5484333333,885197.580256708,1920,1080,102.8075
2073,885197.5664333333,885197.593639166,1920,1080,102.8575
2074,885197.5834333333,885197.609108375,1920,1080,102.735
2075,885197.5994333334,885197.625164041,1920,1080,102.79
2076,885197.6164333334,885197.6421745,1920,1080,102.9125
2077,885197.6334333334,885197.656049125,1920,1080,102.87
2078,885197.6504333334,885197.671697208,1920,1080,102.8675
2079,885197.6664333333,885197.688721916,1920,1080,102.9225
2080,885197.6834333333,885197.704437333,1920,1080,102.845
2081,885197.7004333333,885197.721994375,1920,1080,102.845
2082,885197.7164333333,885197.737587791,1920,1080,102.775
2083,885197.7334333333,885197.76917925,1920,1080,102.845
2084,885197.7494333333,885197.786730375,1920,1080,102.875
2085,885197.7664333333,885197.798765833,1920,1080,102.885
2086,885197.7834333334,885197.818166708,1920,1080,103.0725
2087,885197.7994333333,885197.835272041,1920,1080,103.0575
2088,885197.8164333333,885197.850756916,1920,1080,103.075
2089,885197.8334333333,885197.86642475,1920,1080,102.985
2090,885197.8494,885197.879866875,1920,1080,102.905
2091,885197.8664333334,885197.896506375,1920,1080,103.015
2092,885197.8824333333,885197.912887666,1920,1080,103.055
2093,885197.8994,885197.932785833,1920,1080,102.965
2094,885197.9164333333,885197.944950583,1920,1080,102.9525
2095,885197.9324333334,885197.961388791,1920,1080,103.0175
2096,885197.9494333334,885197.977315333,1920,1080,103.0125
2097,885197.9664333333,885197.994402,1920,1080,103.0425
2098,885197.9824,885198.010971125,1920,1080,102.9275
2099,885197.9994333333,885198.027426541,1920,1080,102.975
2100,885198.0154,885198.043737875,1920,1080,103.0025
2101,885198.0324,885198.055270333,1920,1080,103.0625
2102,885198.0494,885198.072295,1920,1080,103.0725
2103,885198.0654,885198.089198166,1920,1080,103.1575
2104,885198.0824,885198.104953166,1920,1080,103.22
2105,885198.0994,885198.121525166,1920,1080,103.2075
2106,885198.1164333334,885198.1384385,1920,1080,103.2325
2107,885198.1324,885198.15182475,1920,1080,103.13
2108,885198.1494333333,885198.18478425,1920,1080,103.1475
2109,885198.1664,885198.200881791,1920,1080,103.14
2110,885198.1824,885198.214532166,1920,1080,103.205
2111,885198.1994,885198.232575333,1920,1080,103.1425
2112,885198.2154,885198.25113625,1920,1080,103.1425
2113,885198.2324,885198.266710041,1920,1080,103.2075
2114,885198.2494,885198.279722166,1920,1080,103.1775
2115,885198.2654,885198.295064875,1920,1080,103.035
2116,885198.2824,885198.312570208,1920,1080,103.0825
2117,885198.2994333333,885198.328797833,1920,1080,103.0675
2118,885198.3154,885198.342662166,1920,1080,103.0625
2119,885198.3324,885198.358507875,1920,1080,103.19
2120,885198.3494333334,885198.376,1920,1080,103.125
2121,885198.3664,885198.392850208,1920,1080,103.2125
2122,885198.3824,885198.408614708,1920,1080,103.2525
2123,885198.3994333333,885198.423050666,1920,1080,103.2475
2124,885198.4154,885198.444376083,1920,1080,102.085
2125,885198.4324,885198.46189775,1920,1080,57.9875
2126,885198.4494,885198.471669708,1920,1080,42.7775
2127,885198.4664,885198.487320875,1920,1080,41.965
2128,885198.4824,885198.504367583,1920,1080,40.8675
2129,885198.4994,885198.520374125,1920,1080,41.075
2130,885198.5164,885198.5374555,1920,1080,41.3425
2131,885198.5324,885198.552134833,1920,1080,41.4225
2132,885198.5494,885198.585926708,1920,1080,41.31
2133,885198.5664,885198.6017045,1920,1080,41.3975
2134,885198.5824,885198.615312958,1920,1080,41.36
2135,885198.5994,885198.632754666,1920,1080,41.315
2136,885198.6154,885198.652244083,1920,1080,41.31
2137,885198.6324,885198.663251458,1920,1080,41.06
2138,885198.6494,885198.679808708,1920,1080,41.0075
2139,885198.6654,885198.698878708,1920,1080,40.79
2140,885198.6824333334,885198.711299791,1920,1080,40.66
2141,885198.6994,885198.728493541,1920,1080,40.715
2142,885198.7154,885198.74579,1920,1080,40.69
2143,885198.7324,885198.760737541,1920,1080,40.645
2144,885198.7484,885198.774894,1920,1080,40.58
2145,885198.7664,885198.793561333,1920,1080,40.555
2146,885198.7834,885198.808853125,1920,1080,40.645
2147,885198.7994,885198.823943791,1920,1080,40.615
2148,885198.8164,885198.8441865,1920,1080,40.6775
2149,885198.8334,885198.85520275,1920,1080,40.5975
2150,885198.8494,885198.872008958,1920,1080,40.59
2151,885198.8664,885198.88769325,1920,1080,40.5975
2152,885198.8824,885198.904827208,1920,1080,40.4625
2153,885198.8994333333,885198.921184833,1920,1080,40.57
2154,885198.9164333333,885198.936185916,1920,1080,40.475
2155,885198.9324333334,885198.952881416,1920,1080,40.555
2156,885198.9494,885198.986736958,1920,1080,40.55
2157,885198.9664,885199.000183708,1920,1080,40.53
2158,885198.9834,885199.017051875,1920,1080,40.4425
2159,885198.9994,885199.034124458,1920,1080,40.515
2160,885199.0164,885199.052704208,1920,1080,40.545
2161,885199.0334,885199.06249325,1920,1080,40.5925
2162,885199.0494,885199.080999416,1920,1080,40.525
2163,885199.0664,885199.095983375,1920,1080,40.545
2164,885199.0824,885199.113173041,1920,1080,40.5875
2165,885199.0994,885199.12966125,1920,1080,40.53
2166,885199.1164,885199.143073708,1920,1080,40.475
2167,885199.1324333333,885199.15994575,1920,1080,40.5125
2168,885199.1494333333,885199.177781875,1920,1080,40.505
2169,885199.1664,885199.190943875,1920,1080,40.5
2170,885199.1824,885199.213989166,1920,1080,40.5025
2171,885199.1994,885199.22224325,1920,1080,40.47
2172,885199.2164,885199.242924166,1920,1080,40.4075
2173,885199.2334,885199.254652208,1920,1080,40.475
2174,885199.2494,885199.271086083,1920,1080,40.4775
2175,885199.2664,885199.2932665,1920,1080,40.39
2176,885199.2824,885199.302938041,1920,1080,40.3475
2177,885199.2994,885199.319010916,1920,1080,40.3375
2178,885199.3164,885199.335256791,1920,1080,40.35
2179,885199.3324,885199.351498708,1920,1080,40.3875
2180,885199.3494,885199.384259416,1920,1080,40.3525
2181,885199.3664,885199.401020916,1920,1080,41.7125
2182,885199.3824,885199.414498,1920,1080,63.5025
2183,885199.3994,885199.430068,1920,1080,73.17
2184,885199.4154,885199.446237458,1920,1080,79.4525
2185,885199.4324,885199.466810291,1920,1080,83.68
2186,885199.4494,885199.478513708,1920,1080,86.865
2187,885199.4654,885199.496282875,1920,1080,88.9025
2188,885199.4824,885199.510920333,1920,1080,90.6275
2189,885199.4994,885199.5283325,1920,1080,92.015
2190,885199.5154,885199.543732083,1920,1080,93.005
2191,885199.5324,885199.559721416,1920,1080,93.705
2192,885199.5484,885199.577616541,1920,1080,94.7975
2193,885199.5654,885199.592224958,1920,1080,95.48
2194,885199.5824,885199.610488916,1920,1080,96.235
2195,885199.5994,885199.6245025,1920,1080,96.8425
2196,885199.6164,885199.639758375,1920,1080,97.4275
2197,885199.6334,885199.658199083,1920,1080,97.8025
2198,885199.6494333333,885199.676387791,1920,1080,98.1375
2199,885199.6664,885199.688803791,1920,1080,98.62
2200,885199.6824,885199.702929083,1920,1080,99.1275
2201,885199.6994,885199.720296,1920,1080,99.33
2202,885199.7164,885199.73543175,1920,1080,99.5575
2203,885199.7324333333,885199.752826916,1920,1080,99.8125
2204,885199.7494,885199.784179833,1920,1080,99.9175
2205,885199.7664,885199.801545875,1920,1080,99.945
2206,885199.7824,885199.821482416,1920,1080,100.1575
2207,885199.7994,885199.830677875,1920,1080,100.355
2208,885199.8154,885199.853453333,1920,1080,100.405
2209,885199.8324,885199.864012791,1920,1080,100.5825
2210,885199.8494,885199.886515291,1920,1080,100.585
2211,885199.8654,885199.895293583,1920,1080,100.7575
2212,885199.8824,885199.910967333,1920,1080,100.945
2213,885199.8994,885199.927743916,1920,1080,100.965
2214,885199.9164,885199.943237125,1920,1080,101.0675
2215,885199.9324,885199.960596583,1920,1080,101.035
2216,885199.9494,885199.976069333,1920,1080,101.3625
2217,885199.9664,885199.992614625,1920,1080,101.305
2218,885199.9824,885200.009272125,1920,1080,101.3925
2219,885199.9994,885200.024187541,1920,1080,101.465
2220,885200.0154,885200.041728708,1920,1080,101.465
2221,885200.0324,885200.057904583,1920,1080,101.5525
2222,885200.0494,885200.076699041,1920,1080,101.4975
2223,885200.0654,885200.092069333,1920,1080,101.525
2224,885200.0824,885200.10884475,1920,1080,101.595
2225,885200.0994,885200.121108458,1920,1080,101.58
2226,885200.1154,885200.13649225,1920,1080,101.535
2227,885200.1324,885200.150723958,1920,1080,101.7575
2228,885200.1484,885200.16846025,1920,1080,101.6875
2229,885200.1654,885200.200754041,1920,1080,101.7225
2230,885200.1824,885200.215386375,1920,1080,101.7825
2231,885200.1994,885200.232324333,1920,1080,101.8375
2232,885200.2164,885200.247692416,1920,1080,101.96
2233,885200.2334,885200.262263875,1920,1080,102.0125
2234,885200.2494,885200.287189458,1920,1080,102.05
2235,885200.2664,885200.295163541,1920,1080,102.08
2236,885200.2824,885200.312911875,1920,1080,102.1825
2237,885200.2994,885200.328657208,1920,1080,102.2375
2238,885200.3164,885200.344220791,1920,1080,102.2375
2239,885200.3324,885200.359749833,1920,1080,102.255
2240,885200.3494,885200.378223458,1920,1080,102.395
2241,885200.3664,885200.391952791,1920,1080,102.38
2242,885200.3834,885200.408985541,1920,1080,102.495
2243,885200.3994,885200.423121916,1920,1080,102.4425
2244,885200.4164,885200.440346333,1920,1080,102.5125
2245,885200.4334,885200.4562025,1920,1080,102.575
2246,885200.4494,885200.47513225,1920,1080,102.555
2247,885200.4664,885200.493035208,1920,1080,102.5325
2248,885200.4824,885200.505524708,1920,1080,102.6175
2249,885200.4994,885200.518558458,1920,1080,102.6825
2250,885200.5164,885200.536301833,1920,1080,102.6225
2251,885200.5324,885200.551805958,1920,1080,102.865
2252,885200.5494,885200.584222791,1920,1080,102.78
2253,885200.5664,885200.600066416,1920,1080,102.92
2254,885200.5824,885200.614705625,1920,1080,102.985
2255,885200.5994,885200.630000583,1920,1080,103.0225
2256,885200.6154,885200.64605275,1920,1080,103.045
2257,885200.6324,885200.662299583,1920,1080,103.155
2258,885200.6494,885200.68113325,1920,1080,103.175
2259,885200.6654,885200.694777083,1920,1080,103.2275
2260,885200.6834,885200.710624208,1920,1080,103.23
2261,885200.7004,885200.728056083,1920,1080,103.1725
2262,885200.7164,885200.742860333,1920,1080,103.28
2263,885200.7334,885200.759789541,1920,1080,103.2725
2264,885200.7494,885200.77476525,1920,1080,103.23
2265,885200.7664,885200.792656791,1920,1080,103.3325
2266,885200.7834,885200.808409875,1920,1080,103.25
2267,885200.7994,885200.82264475,1920,1080,103.325
2268,885200.8164,885200.8405655,1920,1080,103.3125
2269,885200.8334,885200.856013666,1920,1080,103.4025
2270,885200.8494,885200.8754465,1920,1080,103.4275
2271,885200.8664,885200.887831583,1920,1080,103.515
2272,885200.8824,885200.903847333,1920,1080,103.495
2273,885200.8994,885200.921221458,1920,1080,103.565
2274,885200.9164,885200.936212458,1920,1080,103.485
2275,885200.9324,885200.953732875,1920,1080,103.42
2276,885200.9494,885200.984145291,1920,1080,103.5175
2277,885200.9664,885201.001915791,1920,1080,103.805
2278,885200.9824,885201.017350791,1920,1080,103.66
2279,885200.9994,885201.034546916,1920,1080,103.53
2280,885201.0154,885201.050260833,1920,1080,103.58
2281,885201.0344,885201.064027583,1920,1080,103.6025
2282,885201.0504,885201.08518225,1920,1080,103.63
2283,885201.0674,885201.095226416,1920,1080,103.65
2284,885201.0834,885201.113052875,1920,1080,103.51
2285,885201.1004,885201.129063625,1920,1080,103.5825
2286,885201.1174,885201.142605916,1920,1080,103.5675
2287,885201.1334,885201.159795083,1920,1080,103.64
2288,885201.1504,885201.178329208,1920,1080,103.665
2289,885201.1674,885201.193462583,1920,1080,103.6225
2290,885201.1834,885201.209421708,1920,1080,103.7
2291,885201.2004,885201.223643041,1920,1080,103.725
2292,885201.2164,885201.23892425,1920,1080,103.69
2293,885201.2334,885201.256676291,1920,1080,103.75
2294,885201.2504,885201.277134208,1920,1080,103.71
2295,885201.2664,885201.286548,1920,1080,103.7325
2296,885201.2834,885201.303025208,1920,1080,103.785
2297,885201.3004,885201.320685625,1920,1080,103.705
2298,885201.3164,885201.336409041,1920,1080,103.8025
2299,885201.3334,885201.368146458,1920,1080,103.82
2300,885201.3494,885201.383416041,1920,1080,103.76
2301,885201.3664,885201.400296208,1920,1080,103.86
2302,885201.3834,885201.416721,1920,1080,103.87
2303,885201.3994,885201.433782833,1920,1080,103.8925
2304,885201.4164,885201.450749958,1920,1080,103.83
2305,885201.4334,885201.4656685,1920,1080,103.7625
2306,885201.4494,885201.4812775,1920,1080,103.8575
2307,885201.4664,885201.50074625,1920,1080,103.8375
2308,885201.4824,885201.520454041,1920,1080,103.835
2309,885201.4994,885201.528095958,1920,1080,103.9525
2310,885201.5164,885201.544604666,1920,1080,103.985
2311,885201.5324,885201.55960975,1920,1080,103.9575
2312,885201.5494,885201.575738833,1920,1080,103.9925
2313,885201.5664,885201.59075425,1920,1080,103.925
2314,885201.5824,885201.609165,1920,1080,104.0
2315,885201.5994,885201.622915833,1920,1080,103.9825
2316,885201.6164,885201.640331708,1920,1080,104.0325
2317,885201.6334,885201.655869875,1920,1080,104.0775
2318,885201.6494,885201.671887125,1920,1080,103.98
2319,885201.6664,885201.689440333,1920,1080,104.05
2320,885201.6824,885201.721654291,1920,1080,104.0575
2321,885201.6994,885201.721905291,1920,1080,104.0825
2322,885201.7164,885201.7372725,1920,1080,104.105
2323,885201.7334,885201.766911666,1920,1080,104.145
2324,885201.7504,885201.782806458,1920,1080,104.225
2325,885201.7674,885201.7985425,1920,1080,104.06
2326,885201.7834,885201.814104916,1920,1080,104.18
2327,885201.8004,885201.830521041,1920,1080,104.315
2328,885201.8164,885201.84608375,1920,1080,104.3
2329,885201.8334,885201.862327125,1920,1080,104.26
2330,885201.8504,885201.87850125,1920,1080,104.305
2331,885201.8664,885201.897313791,1920,1080,104.28
2332,885201.8834,885201.911638583,1920,1080,104.2825
2333,885201.9004,885201.927911291,1920,1080,104.415
2334,885201.9164,885201.9437595,1920,1080,104.44
2335,885201.9334,885201.960270083,1920,1080,104.3775
2336,885201.9494,885201.980667875,1920,1080,104.45
2337,885201.9664,885201.993541291,1920,1080,104.405
2338,885201.9834,885202.009236,1920,1080,104.4575
2339,885201.9994,885202.024766125,1920,1080,104.56
2340,885202.0164,885202.039961791,1920,1080,104.465
2341,885202.0334,885202.0562595,1920,1080,104.52
2342,885202.0494,885202.072138458,1920,1080,104.575
2343,885202.0664,885202.095191791,1920,1080,104.5675
2344,885202.0824,885202.104428583,1920,1080,104.6475
2345,885202.0994,885202.118573875,1920,1080,104.7075
2346,885202.1164,885202.1363055,1920,1080,104.7775
2347,885202.1324,885202.150737,1920,1080,104.7025
2348,885202.1494,885202.183081041,1920,1080,104.7975
2349,885202.1664,885202.199036625,1920,1080,104.8075
2350,885202.1824,885202.215709875,1920,1080,104.74
2351,885202.1994,885202.231326083,1920,1080,104.7975
2352,885202.2154,885202.248490041,1920,1080,104.8975
2353,885202.2324,885202.263890208,1920,1080,104.845
2354,885202.2494,885202.283835458,1920,1080,104.8775
2355,885202.2654,885202.296284916,1920,1080,104.7975
2356,885202.2824,885202.317789875,1920,1080,104.7925
2357,885202.2994,885202.327779416,1920,1080,104.705
2358,885202.3154,885202.342979375,1920,1080,104.8
2359,885202.3324,885202.359893375,1920,1080,104.8275
2360,885202.3494,885202.375478208,1920,1080,104.78
2361,885202.3664,885202.392406291,1920,1080,104.9125
2362,885202.3824,885202.41139775,1920,1080,104.9
2363,885202.3994,885202.4238355,1920,1080,104.94
2364,885202.4164,885202.439674875,1920,1080,104.865
2365,885202.4334,885202.456998291,1920,1080,104.93
2366,885202.4504,885202.472276625,1920,1080,104.8875
2367,885202.4664,885202.489463416,1920,1080,104.85
2368,885202.4834,885202.506656541,1920,1080,104.97
2369,885202.5004,885202.521593791,1920,1080,104.9525
2370,885202.5164,885202.537358375,1920,1080,104.865
2371,885202.5334,885202.567218041,1920,1080,105.0075
2372,885202.5494,885202.583356375,1920,1080,104.95
2373,885202.5664,885202.599902625,1920,1080,104.9875
2374,885202.5834,885202.614689791,1920,1080,105.03
2375,885202.5994,885202.631586083,1920,1080,105.105
2376,885202.6164,885202.646170791,1920,1080,105.145
2377,885202.6334,885202.662406666,1920,1080,105.045
2378,885202.6494,885202.679466,1920,1080,105.0675
2379,885202.6664,885202.694974375,1920,1080,104.9175
2380,885202.6824,885202.711626875,1920,1080,104.8925
2381,885202.6994,885202.731385125,1920,1080,104.87
2382,885202.7164,885202.743188083,1920,1080,104.825
2383,885202.7324,885202.760078166,1920,1080,104.99
2384,885202.7494,885202.777115416,1920,1080,104.9625
2385,885202.7664,885202.794301333,1920,1080,104.945
2386,885202.7824,885202.811278833,1920,1080,104.89
2387,885202.7994,885202.8258655,1920,1080,104.9525
2388,885202.8154,885202.8408705,1920,1080,104.945
2389,885202.8323666666,885202.856090166,1920,1080,104.9675
2390,885202.8494,885202.87243125,1920,1080,105.09
2391,885202.8654,885202.889201541,1920,1080,105.0425
2392,885202.8823666667,885202.904542958,1920,1080,105.0975
2393,885202.8994,885202.924729083,1920,1080,105.16
2394,885202.9164,885202.942302291,1920,1080,105.09
2395,885202.9333666667,885202.96743175,1920,1080,105.1125
2396,885202.9493666666,885202.984620791,1920,1080,105.11
2397,885202.9663666667,885203.001428833,1920,1080,105.145
2398,885202.9833666667,885203.020850958,1920,1080,105.09
2399,885203.0003666667,885203.034300416,1920,1080,105.1025
2400,885203.0164,885203.049867375,1920,1080,105.0225
2401,885203.0333666666,885203.064816833,1920,1080,105.0775
2402,885203.0503666666,885203.081937375,1920,1080,105.165
2403,885203.0664,885203.098092458,1920,1080,105.2125
2404,885203.0834,885203.11459075,1920,1080,105.3175
2405,885203.1004,885203.135432833,1920,1080,105.2925
2406,885203.1163666666,885203.142525,1920,1080,105.375
2407,885203.1334,885203.161609416,1920,1080,105.3775
2408,885203.1493666667,885203.177306458,1920,1080,105.4275
2409,885203.1664,885203.19286925,1920,1080,105.3875
2410,885203.1844,885203.207643,1920,1080,105.3925
2411,885203.2003666667,885203.223198458,1920,1080,105.43
2412,885203.2173666666,885203.239920875,1920,1080,105.3675
2413,885203.2344,885203.254734208,1920,1080,105.32
2414,885203.2503666667,885203.270618291,1920,1080,105.365
2415,885203.2674,885203.28868825,1920,1080,105.32
2416,885203.2834,885203.302881083,1920,1080,105.3475
2417,885203.3004,885203.325149333,1920,1080,105.41
2418,885203.3174,885203.336771791,1920,1080,105.4475
2419,885203.3333666667,885203.369564041,1920,1080,105.42
2420,885203.3504,885203.383993083,1920,1080,105.4325
2421,885203.3673666667,885203.400566791,1920,1080,105.57
2422,885203.3833666666,885203.418406416,1920,1080,105.44
2423,885203.4003666666,885203.433125208,1920,1080,105.425
2424,885203.4163666667,885203.449133875,1920,1080,105.56
2425,885203.4333666667,885203.46462825,1920,1080,105.6225
2426,885203.4503666667,885203.481608958,1920,1080,105.61
2427,885203.4663666667,885203.499509208,1920,1080,105.4375
2428,885203.4833666667,885203.511408583,1920,1080,105.4375
2429,885203.5003666667,885203.529440375,1920,1080,105.505
2430,885203.5163666666,885203.546191625,1920,1080,105.5
2431,885203.5333666666,885203.559986166,1920,1080,105.5075
2432,885203.5493666667,885203.575113166,1920,1080,105.5025
2433,885203.5664,885203.592600041,1920,1080,105.5775
2434,885203.5833666667,885203.608790583,1920,1080,105.4725
2435,885203.5993666666,885203.625055583,1920,1080,105.51
2436,885203.6163666666,885203.639967833,1920,1080,105.4425
2437,885203.6333666666,885203.65582075,1920,1080,105.52
2438,885203.6493666667,885203.670693958,1920,1080,105.62
2439,885203.6663666667,885203.687322916,1920,1080,105.6625
2440,885203.6823666666,885203.702964166,1920,1080,105.5075
2441,885203.6993666666,885203.719013458,1920,1080,105.5375
2442,885203.7163666667,885203.738395916,1920,1080,105.515
2443,885203.7323666667,885203.751577166,1920,1080,105.5375
2444,885203.7493666667,885203.783144708,1920,1080,105.68
2445,885203.7663666666,885203.800332541,1920,1080,105.6125
2446,885203.7833666666,885203.816458541,1920,1080,105.57
2447,885203.8003666666,885203.831143791,1920,1080,105.605
2448,885203.8163666667,885203.846513416,1920,1080,105.48
2449,885203.8333666667,885203.862407875,1920,1080,105.44
2450,885203.8503666667,885203.878824375,1920,1080,105.5525
2451,885203.8663666666,885203.895455375,1920,1080,105.4625
2452,885203.8833666666,885203.910838666,1920,1080,105.59
2453,885203.9003666666,885203.926633333,1920,1080,105.58
2454,885203.9164,885203.945693625,1920,1080,105.64
2455,885203.9333666667,885203.958918,1920,1080,105.695
2456,885203.9493666666,885203.975291291,1920,1080,105.7775
2457,885203.9663666667,885203.991298625,1920,1080,105.705
2458,885203.9833666667,885204.008797541,1920,1080,105.7325
2459,885203.9993666667,885204.023269625,1920,1080,105.8075
2460,885204.0163666666,885204.040804833,1920,1080,105.7925
2461,885204.0333666666,885204.055617041,1920,1080,105.8725
2462,885204.0493666667,885204.073656833,1920,1080,105.8825
2463,885204.0663666667,885204.090966666,1920,1080,105.8125
2464,885204.0823666666,885204.104158416,1920,1080,105.88
2465,885204.0993666666,885204.121405541,1920,1080,106.0025
2466,885204.1163666666,885204.13829625,1920,1080,105.925
2467,885204.1323666667,885204.157744625,1920,1080,105.885
2468,885204.1493666667,885204.183562625,1920,1080,105.8225
2469,885204.1663666667,885204.199369875,1920,1080,105.9
2470,885204.1823666666,885204.219787041,1920,1080,105.99
2471,885204.1993666666,885204.22992775,1920,1080,105.9575
2472,885204.2153666667,885204.246809833,1920,1080,105.8525
2473,885204.2323666667,885204.263249833,1920,1080,105.8975
2474,885204.2493666667,885204.280751,1920,1080,105.855
2475,885204.2653666667,885204.296771291,1920,1080,105.8525
2476,885204.2823666667,885204.310903833,1920,1080,105.885
2477,885204.2993666667,885204.329327583,1920,1080,105.8225
2478,885204.3163666667,885204.344921375,1920,1080,105.735
2479,885204.3323666666,885204.364511666,1920,1080,105.7975
2480,885204.3493666666,885204.381551166,1920,1080,105.8775
2481,885204.3673666667,885204.390451791,1920,1080,105.8
2482,885204.3833666666,885204.406809583,1920,1080,105.825
2483,885204.4003666666,885204.424760916,1920,1080,105.91
2484,885204.4163666667,885204.441234208,1920,1080,105.8775
2485,885204.4333666667,885204.45533725,1920,1080,105.8775
2486,885204.4503666667,885204.471878333,1920,1080,105.855
2487,885204.4663666667,885204.488540208,1920,1080,105.8125
2488,885204.4833666667,885204.504335833,1920,1080,105.8925
2489,885204.5003666667,885204.519144083,1920,1080,105.94
2490,885204.5163666666,885204.535610708,1920,1080,105.91
2491,885204.5333666666,885204.57184375,1920,1080,105.925
2492,885204.5493666667,885204.58441175,1920,1080,105.995
2493,885204.5663666667,885204.599687708,1920,1080,106.03
2494,885204.5833666667,885204.619301833,1920,1080,105.98
2495,885204.5993666666,885204.6316155,1920,1080,106.025
2496,885204.6163666666,885204.651314166,1920,1080,106.0625
2497,885204.6333666666,885204.663388375,1920,1080,106.09
2498,885204.6493666667,885204.683287583,1920,1080,106.18
2499,885204.6663666667,885204.69770075,1920,1080,106.1625
2500,885204.6823666666,885204.713723916,1920,1080,106.1325
2501,885204.6993666666,885204.729446041,1920,1080,106.0
2502,885204.7163666667,885204.744216333,1920,1080,106.15
2503,885204.7323666667,885204.759778125,1920,1080,106.025
2504,885204.7493666667,885204.780451833,1920,1080,106.135
2505,885204.7663666666,885204.792758583,1920,1080,106.08
2506,885204.7823666667,885204.807355375,1920,1080,106.1375
2507,885204.7993666667,885204.822292625,1920,1080,106.0425
2508,885204.8153666666,885204.839582125,1920,1080,106.0625
2509,885204.8323666666,885204.8546785,1920,1080,106.1575
2510,885204.8493666666,885204.870687291,1920,1080,106.07
2511,885204.8663666666,885204.88672175,1920,1080,106.15
2512,885204.8833666666,885204.903092416,1920,1080,106.1725
2513,885204.9003666666,885204.918854,1920,1080,106.165
2514,885204.9163666667,885204.934911458,1920,1080,106.2575
2515,885204.9333666667,885204.967631625,1920,1080,106.1325
2516,885204.9493666666,885204.988412875,1920,1080,106.2375
2517,885204.9663666667,885204.998599791,1920,1080,106.17
2518,885204.9833666667,885205.014787166,1920,1080,106.1725
2519,885204.9993666667,885205.031164125,1920,1080,106.1175
2520,885205.0163666666,885205.048073916,1920,1080,106.1725
2521,885205.0333666666,885205.062545583,1920,1080,106.195
2522,885205.0493666667,885205.080166458,1920,1080,106.12
2523,885205.0663666667,885205.096686166,1920,1080,106.21
2524,885205.0823666666,885205.113221583,1920,1080,106.2
2525,885205.0993666666,885205.132738125,1920,1080,106.22
2526,885205.1163666666,885205.143321875,1920,1080,106.2475
2527,885205.1323666667,885205.161571458,1920,1080,106.16
2528,885205.1493666667,885205.178596333,1920,1080,106.2525
2529,885205.1663666667,885205.194565708,1920,1080,106.2475
2530,885205.1833666667,885205.207995666,1920,1080,106.24
2531,885205.1993666666,885205.222932583,1920,1080,106.355
2532,885205.2163666667,885205.240707083,1920,1080,106.2
2533,885205.2333666667,885205.25647225,1920,1080,106.29
2534,885205.2493666667,885205.272221833,1920,1080,106.2975
2535,885205.2663666666,885205.287836583,1920,1080,106.3975
2536,885205.2823666667,885205.303491208,1920,1080,106.2775
2537,885205.2993666667,885205.318953416,1920,1080,106.32
2538,885205.3163666667,885205.334912875,1920,1080,106.39
2539,885205.3323666666,885205.351407875,1920,1080,106.4125
2540,885205.3493666666,885205.387444041,1920,1080,106.45
2541,885205.3663666666,885205.403985708,1920,1080,106.4
2542,885205.3823666667,885205.414660833,1920,1080,106.4675
2543,885205.3993666667,885205.434820625,1920,1080,106.56
2544,885205.4153666666,885205.4534315,1920,1080,106.465
2545,885205.4333666667,885205.465177375,1920,1080,106.5025
2546,885205.4503666667,885205.481473666,1920,1080,106.465
2547,885205.4663666667,885205.49816325,1920,1080,106.3975
2548,885205.4833666667,885205.513589583,1920,1080,106.4675
2549,885205.5003666667,885205.528190708,1920,1080,106.435
2550,885205.5163666666,885205.543186791,1920,1080,106.4525
2551,885205.5333666666,885205.559677791,1920,1080,106.425
2552,885205.5493666667,885205.5819135,1920,1080,106.5625
2553,885205.5663666667,885205.5915945,1920,1080,106.5525
2554,885205.5833666667,885205.6079305,1920,1080,106.5125
2555,885205.5993666666,885205.622923916,1920,1080,106.44
2556,885205.6163666666,885205.640164708,1920,1080,106.5325
2557,885205.6333666666,885205.6550075,1920,1080,106.5075
2558,885205.6493666667,885205.671809333,1920,1080,106.54
2559,885205.6663666667,885205.688127833,1920,1080,106.46
2560,885205.6823666666,885205.70437825,1920,1080,106.325
2561,885205.6993666666,885205.720128625,1920,1080,106.285
2562,885205.7163666667,885205.734666875,1920,1080,106.375
2563,885205.7323666667,885205.752966166,1920,1080,106.33
2564,885205.7493666667,885205.787912041,1920,1080,106.3775
2565,885205.7663666666,885205.802944375,1920,1080,106.3125
2566,885205.7823666667,885205.817609416,1920,1080,106.44
2567,885205.7993666667,885205.832335708,1920,1080,106.4125
2568,885205.8153666666,885205.847677833,1920,1080,106.4525
2569,885205.8333666667,885205.86227975,1920,1080,106.4225
2570,885205.8493666666,885205.878263208,1920,1080,106.5225
2571,885205.8663666666,885205.894544,1920,1080,106.46
2572,885205.8823666667,885205.91087675,1920,1080,106.5425
2573,885205.8993666667,885205.930455041,1920,1080,106.565
2574,885205.9163666667,885205.943292083,1920,1080,106.61
2575,885205.9323666666,885205.961134083,1920,1080,106.5425
2576,885205.9493666666,885205.982683458,1920,1080,106.485
2577,885205.9663666667,885205.990438333,1920,1080,106.465
2578,885205.9823666667,885206.008494208,1920,1080,106.56
2579,885206.0003666667,885206.022841,1920,1080,106.5025
2580,885206.0163666666,885206.039897458,1920,1080,106.56
2581,885206.0333666666,885206.055767416,1920,1080,106.4825
2582,885206.0503666666,885206.071785333,1920,1080,106.5875
2583,885206.0663666667,885206.087902791,1920,1080,106.54
2584,885206.0833666667,885206.103648958,1920,1080,106.735
2585,885206.1003666667,885206.12011325,1920,1080,106.77
2586,885206.1163666666,885206.136492,1920,1080,106.6525
2587,885206.1333666666,885206.169112583,1920,1080,106.55
2588,885206.1493666667,885206.186815416,1920,1080,106.5825
2589,885206.1663666667,885206.200874375,1920,1080,106.6125
2590,885206.1833666667,885206.215508958,1920,1080,106.5975
2591,885206.1993666666,885206.238515125,1920,1080,106.6725
2592,885206.2163666667,885206.24632675,1920,1080,106.7575
2593,885206.2333666667,885206.262878666,1920,1080,106.735
2594,885206.2493666667,885206.278519791,1920,1080,106.72
2595,885206.2663666666,885206.294620541,1920,1080,106.82
2596,885206.2823666667,885206.313453916,1920,1080,106.6475
2597,885206.2993666667,885206.328146875,1920,1080,106.655
2598,885206.3163666667,885206.344816791,1920,1080,106.6625
2599,885206.3333666667,885206.358677458,1920,1080,106.6575
2600,885206.3493666666,885206.379122583,1920,1080,106.635
2601,885206.3663666666,885206.3984765,1920,1080,106.6725
2602,885206.3833666666,885206.40837325,1920,1080,106.71
2603,885206.3993666667,885206.424554958,1920,1080,106.7825
2604,885206.4163666667,885206.441539291,1920,1080,106.65
2605,885206.4333666667,885206.457545083,1920,1080,106.635
2606,885206.4493666666,885206.472565916,1920,1080,106.72
2607,885206.4663666667,885206.486632416,1920,1080,106.7075
2608,885206.4833666667,885206.504204541,1920,1080,106.6225
2609,885206.5003666667,885206.520176791,1920,1080,106.6925
2610,885206.5173666667,885206.536731916,1920,1080,106.63
2611,885206.5333666666,885206.570347083,1920,1080,106.645
2612,885206.5503666666,885206.587953875,1920,1080,106.7675
2613,885206.5673666666,885206.602746458,1920,1080,106.84
2614,885206.5833666667,885206.6149575,1920,1080,106.9075
2615,885206.6003666667,885206.632613875,1920,1080,106.9725
2616,885206.6163666666,885206.648829291,1920,1080,107.005
2617,885206.6333666666,885206.662587875,1920,1080,106.995
2618,885206.6503666666,885206.680683875,1920,1080,106.965
2619,885206.6663666667,885206.694915666,1920,1080,106.9625
2620,885206.6833666667,885206.71191375,1920,1080,106.9375
2621,885206.7003666667,885206.727794791,1920,1080,106.955
2622,885206.7163666667,885206.743018166,1920,1080,106.96
2623,885206.7333666667,885206.760048541,1920,1080,106.9825
2624,885206.7493666667,885206.778852583,1920,1080,106.935
2625,885206.7663666666,885206.794968208,1920,1080,106.955
2626,885206.7833666666,885206.81286075,1920,1080,106.8675
2627,885206.7993666667,885206.825139416,1920,1080,107.0025
2628,885206.8163666667,885206.840377041,1920,1080,107.0
2629,885206.8333666667,885206.861038166,1920,1080,106.995
2630,885206.8493666666,885206.872688458,1920,1080,107.045
2631,885206.8663666666,885206.891787958,1920,1080,107.0425
2632,885206.8823666667,885206.904472916,1920,1080,107.075
2633,885206.8993666667,885206.921034541,1920,1080,107.105
2634,885206.9163666667,885206.936642833,1920,1080,107.1825
2635,885206.9333666667,885206.968306166,1920,1080,107.14
2636,885206.9493666666,885206.982985958,1920,1080,107.1425
2637,885206.9663666667,885207.002049291,1920,1080,107.1575
2638,885206.9833666667,885207.01487075,1920,1080,107.1325
2639,885206.9993666667,885207.030762375,1920,1080,107.2075
2640,885207.0163666666,885207.047809416,1920,1080,107.1075
2641,885207.0333666666,885207.062740541,1920,1080,107.15
2642,885207.0493666667,885207.080823125,1920,1080,107.1375
2643,885207.0663666667,885207.097905291,1920,1080,107.295
2644,885207.0823666666,885207.111951791,1920,1080,107.3025
2645,885207.0993666666,885207.129424208,1920,1080,107.275
2646,885207.1163666666,885207.144701,1920,1080,107.415
2647,885207.1333666666,885207.160483875,1920,1080,107.3425
2648,885207.1493666667,885207.178167291,1920,1080,107.2525
2649,885207.1663666667,885207.194799333,1920,1080,107.225
2650,885207.1833666667,885207.212174416,1920,1080,107.25
2651,885207.1993666666,885207.222155708,1920,1080,107.215
2652,885207.2163666667,885207.24013875,1920,1080,107.2375
2653,885207.2333666667,885207.25518925,1920,1080,107.235
2654,885207.2493666667,885207.271880583,1920,1080,107.13
2655,885207.2663666666,885207.286800125,1920,1080,107.1425
2656,885207.2823666667,885207.302498833,1920,1080,107.15
2657,885207.2993666667,885207.319696458,1920,1080,107.2225
2658,885207.3163666667,885207.340774291,1920,1080,107.19
2659,885207.3323666666,885207.371108125,1920,1080,107.165
2660,885207.3493666666,885207.381491291,1920,1080,107.275
2661,885207.3663666666,885207.401085916,1920,1080,107.2575
2662,885207.3833666666,885207.414869458,1920,1080,107.3525
2663,885207.3993666667,885207.436049833,1920,1080,107.24
2664,885207.4163666667,885207.445810041,1920,1080,107.3025
2665,885207.4333666667,885207.461807916,1920,1080,107.28
2666,885207.4493666666,885207.478843875,1920,1080,107.26
2667,885207.4663666667,885207.494934,1920,1080,107.235
2668,885207.4823666667,885207.511114041,1920,1080,107.2625
2669,885207.4993666667,885207.5262575,1920,1080,107.4175
2670,885207.5163666666,885207.542308541,1920,1080,107.3125
2671,885207.5323666667,885207.558690375,1920,1080,107.355
2672,885207.5493666667,885207.575498958,1920,1080,107.365
2673,885207.5663666667,885207.59601575,1920,1080,107.2875
2674,885207.5823666666,885207.61353575,1920,1080,107.3025
2675,885207.5993666666,885207.622252708,1920,1080,107.355
2676,885207.6153666667,885207.638309583,1920,1080,107.2925
2677,885207.6333666666,885207.655959333,1920,1080,107.3975
2678,885207.6493666667,885207.671687708,1920,1080,107.335
2679,885207.6663666667,885207.687802416,1920,1080,107.315
2680,885207.6823666666,885207.70429525,1920,1080,107.3525
2681,885207.6993666666,885207.719704166,1920,1080,107.3125
2682,885207.7163666667,885207.7360735,1920,1080,107.2675
2683,885207.7323333333,885207.751304583,1920,1080,107.2425
2684,885207.7493666667,885207.785389041,1920,1080,107.26
2685,885207.7663666666,885207.802972125,1920,1080,107.3575
2686,885207.7823666667,885207.8207645,1920,1080,107.2175
2687,885207.7993666667,885207.832719416,1920,1080,107.39
2688,885207.8153333333,885207.847365458,1920,1080,107.3425
2689,885207.8323666666,885207.86791125,1920,1080,107.3625
2690,885207.8493666666,885207.878093708,1920,1080,107.3975
2691,885207.8663666666,885207.894274125,1920,1080,107.4225
2692,885207.8823666667,885207.91131125,1920,1080,107.4775
2693,885207.9003666666,885207.92849625,1920,1080,107.315
2694,885207.9163666667,885207.944722541,1920,1080,107.3825
2695,885207.9333666667,885207.960460041,1920,1080,107.4875
2696,885207.9493666666,885207.978315125,1920,1080,107.395
2697,885207.9663666667,885207.993549791,1920,1080,107.2925
2698,885207.9833333333,885208.007328208,1920,1080,107.45
2699,885207.9993666667,885208.022900166,1920,1080,107.41
2700,885208.0163666666,885208.038341666,1920,1080,107.17
2701,885208.0333666666,885208.05432925,1920,1080,107.3
2702,885208.0493666667,885208.0704305,1920,1080,107.12
2703,885208.0663666667,885208.087602625,1920,1080,107.2
2704,885208.0823333333,885208.10416575,1920,1080,107.175
2705,885208.0993666666,885208.120128625,1920,1080,107.1225
2706,885208.1163333333,885208.139971083,1920,1080,107.2925
2707,885208.1323666667,885208.1501505,1920,1080,107.145
2708,885208.1493333334,885208.182777583,1920,1080,107.23
2709,885208.1663333334,885208.198839708,1920,1080,107.305
2710,885208.1823333333,885208.2179385,1920,1080,107.445
2711,885208.1993333333,885208.229984083,1920,1080,107.475
2712,885208.2153333334,885208.246023208,1920,1080,107.425
2713,885208.2333666667,885208.261998375,1920,1080,107.43
2714,885208.2503333334,885208.278130416,1920,1080,107.2925
2715,885208.2663333333,885208.295495083,1920,1080,107.2675
2716,885208.2833333333,885208.318291416,1920,1080,107.39
2717,885208.3003333333,885208.325722958,1920,1080,107.3625
2718,885208.3163333334,885208.341830958,1920,1080,107.405
2719,885208.3333333334,885208.35807875,1920,1080,107.395
2720,885208.3493333333,885208.377383166,1920,1080,107.4575
2721,885208.3663333333,885208.390517333,1920,1080,107.45
2722,885208.3833333333,885208.411291583,1920,1080,107.385
2723,885208.3993333334,885208.422261791,1920,1080,107.515
2724,885208.4163333334,885208.439685,1920,1080,107.4775
2725,885208.4333666667,885208.455768,1920,1080,107.545
2726,885208.4493666666,885208.470797708,1920,1080,107.5925
2727,885208.4663666667,885208.487693708,1920,1080,107.495
2728,885208.4823333333,885208.504760791,1920,1080,107.54
2729,885208.4993333333,885208.51842875,1920,1080,107.4475
2730,885208.5163333333,885208.536629791,1920,1080,107.3875
2731,885208.5333666666,885208.568172041,1920,1080,107.5425
2732,885208.5493333334,885208.583290625,1920,1080,107.4375
2733,885208.5663333334,885208.600072625,1920,1080,107.5325
2734,885208.5833333334,885208.619651541,1920,1080,107.4175
2735,885208.5993333333,885208.6326285,1920,1080,107.615
2736,885208.6163666666,885208.647082125,1920,1080,107.5325
2737,885208.6333333333,885208.663289708,1920,1080,107.5475
2738,885208.6493666667,885208.679475166,1920,1080,107.5775
2739,885208.6663666667,885208.696822041,1920,1080,107.5675
2740,885208.6823333333,885208.710165541,1920,1080,107.47
2741,885208.6993666666,885208.729567125,1920,1080,107.6325
2742,885208.7163666667,885208.744844541,1920,1080,107.61
2743,885208.7323333333,885208.763018708,1920,1080,107.655
2744,885208.7493333333,885208.782425833,1920,1080,107.5725
2745,885208.7663333333,885208.79067575,1920,1080,107.5675
2746,885208.7833333333,885208.812305958,1920,1080,107.4525
2747,885208.8003333333,885208.827398833,1920,1080,107.3975
2748,885208.8163333334,885208.838863166,1920,1080,107.4625
2749,885208.8333333334,885208.856003791,1920,1080,107.4775
2750,885208.8503333334,885208.87121525,1920,1080,107.605
2751,885208.8663333333,885208.8873325,1920,1080,107.51
2752,885208.8833666666,885208.904675916,1920,1080,107.555
2753,885208.9003333333,885208.920460958,1920,1080,107.6025
2754,885208.9163333334,885208.935897958,1920,1080,107.57
2755,885208.9333333333,885208.968758041,1920,1080,107.4225
2756,885208.9493333333,885208.983686,1920,1080,107.4725
2757,885208.9663333333,885209.000853416,1920,1080,107.5025
2758,885208.9833333333,885209.0206205,1920,1080,107.495
2759,885208.9993333333,885209.034177416,1920,1080,107.55
2760,885209.0163333333,885209.048179875,1920,1080,107.3375
2761,885209.0333666666,885209.064396041,1920,1080,107.1775
2762,885209.0493333334,885209.079421541,1920,1080,107.2325
2763,885209.0663333334,885209.095833708,1920,1080,107.2775
2764,885209.0823333333,885209.113057625,1920,1080,107.3275
2765,885209.0993333333,885209.128781708,1920,1080,107.3875
2766,885209.1163333333,885209.142755375,1920,1080,107.4425
2767,885209.1323333334,885209.160178791,1920,1080,107.3775
2768,885209.1493666667,885209.177856791,1920,1080,107.345
2769,885209.1673666667,885209.192015708,1920,1080,107.4425
2770,885209.1833666667,885209.215008291,1920,1080,107.4
2771,885209.2003666667,885209.229529041,1920,1080,107.38
2772,885209.2163333333,885209.23763175,1920,1080,107.365
2773,885209.2333333333,885209.253451208,1920,1080,107.3925
2774,885209.2503333334,885209.270269083,1920,1080,107.4625
2775,885209.2663666666,885209.293557791,1920,1080,107.42
2776,885209.2833333333,885209.302325333,1920,1080,107.345
2777,885209.3003666666,885209.318823916,1920,1080,107.3125
2778,885209.3163333334,885209.335452916,1920,1080,107.49
2779,885209.3333333334,885209.368764083,1920,1080,107.3775
2780,885209.3493333333,885209.383040958,1920,1080,107.4125
2781,885209.3663333333,885209.400101708,1920,1080,107.4775
2782,885209.3833333333,885209.41982475,1920,1080,107.2675
2783,885209.3993333334,885209.4339005,1920,1080,107.34
2784,885209.4163333334,885209.445846208,1920,1080,107.29
2785,885209.4333333333,885209.463111375,1920,1080,107.245
2786,885209.4493333333,885209.478170166,1920,1080,107.23
2787,885209.4663333333,885209.494225375,1920,1080,107.2525
2788,885209.4823333333,885209.51227325,1920,1080,107.2325
2789,885209.4993333333,885209.533862583,1920,1080,107.0125
2790,885209.5163333333,885209.542402958,1920,1080,107.215
2791,885209.5323333333,885209.558787916,1920,1080,107.14
2792,885209.5493333334,885209.578061083,1920,1080,107.05
2793,885209.5663333334,885209.592609916,1920,1080,107.1425
2794,885209.5823666666,885209.610536833,1920,1080,107.1525
2795,885209.5993333333,885209.627292416,1920,1080,107.135
2796,885209.6153333334,885209.639295708,1920,1080,107.1025
2797,885209.6333333333,885209.655928458,1920,1080,106.975
2798,885209.6493333334,885209.671667166,1920,1080,106.975
2799,885209.6663333334,885209.687595416,1920,1080,106.91
2800,885209.6823333333,885209.7026365,1920,1080,106.935
2801,885209.6993333333,885209.719987125,1920,1080,106.925
2802,885209.7163333333,885209.7343695,1920,1080,106.935
2803,885209.7333333333,885209.768468625,1920,1080,106.8925
2804,885209.7493333333,885209.783438416,1920,1080,106.91
2805,885209.7663333333,885209.802524333,1920,1080,106.9125
2806,885209.7833333333,885209.814486541,1920,1080,106.855
2807,885209.7993333334,885209.838165625,1920,1080,106.755
2808,885209.8163333334,885209.850415333,1920,1080,106.675
2809,885209.8333333334,885209.862313791,1920,1080,106.65
2810,885209.8493333333,885209.88031475,1920,1080,106.5975
2811,885209.8663333333,885209.895673791,1920,1080,106.61
2812,885209.8833333333,885209.911608625,1920,1080,106.6575
2813,885209.9003333333,885209.92940225,1920,1080,106.6
2814,885209.9163333334,885209.945360875,1920,1080,106.7225
2815,885209.9333333333,885209.961880416,1920,1080,106.68
2816,885209.9493333333,885209.98036475,1920,1080,106.64
2817,885209.9663333333,885209.991737875,1920,1080,106.7
2818,885209.9833333333,885210.01013175,1920,1080,106.6675
2819,885209.9993333333,885210.032540916,1920,1080,106.3875
2820,885210.0163333333,885210.042137833,1920,1080,106.3775
2821,885210.0333333333,885210.057215958,1920,1080,106.3875
2822,885210.0493333334,885210.073264,1920,1080,106.265
2823,885210.0663333334,885210.08845375,1920,1080,106.21
2824,885210.0823333333,885210.103939208,1920,1080,106.265
2825,885210.0993333333,885210.120222,1920,1080,106.2325
2826,885210.1163333333,885210.136935083,1920,1080,106.14
2827,885210.1323333334,885210.151820458,1920,1080,106.1
2828,885210.1493333334,885210.1850535,1920,1080,106.17
2829,885210.1663333334,885210.199980041,1920,1080,106.145
2830,885210.1823333333,885210.214412125,1920,1080,106.0875
2831,885210.1993333333,885210.234584666,1920,1080,106.11
2832,885210.2153333334,885210.250708916,1920,1080,106.1675
2833,885210.2323333333,885210.263061875,1920,1080,105.9825
2834,885210.2493333333,885210.279348958,1920,1080,105.94
2835,885210.2653333333,885210.295594166,1920,1080,105.95
2836,885210.2823333333,885210.312602208,1920,1080,105.88
2837,885210.2993333334,885210.327931166,1920,1080,105.9025
2838,885210.3163333334,885210.345802291,1920,1080,105.9375
2839,885210.3333333334,885210.360047541,1920,1080,105.87
2840,885210.3493333333,885210.376872,1920,1080,105.72
2841,885210.3663333333,885210.395887583,1920,1080,105.705
2842,885210.3833333333,885210.40779075,1920,1080,105.665
2843,885210.3993333334,885210.428982833,1920,1080,105.685
2844,885210.4163333334,885210.440685583,1920,1080,105.7475
2845,885210.4333333333,885210.455213083,1920,1080,105.8225
2846,885210.4493333333,885210.471539666,1920,1080,105.73
2847,885210.4663333333,885210.487516375,1920,1080,105.6525
2848,885210.4833333333,885210.504079333,1920,1080,105.59
2849,885210.5003333334,885210.519946333,1920,1080,105.59
2850,885210.5163333333,885210.535979083,1920,1080,105.625
2851,885210.5343333334,885210.567473541,1920,1080,105.63
2852,885210.5503333333,885210.582273958,1920,1080,105.6825
2853,885210.5673333333,885210.600074791,1920,1080,105.69
2854,885210.5843333333,885210.614371291,1920,1080,105.73
2855,885210.6003333334,885210.634806,1920,1080,105.635
2856,885210.6173333334,885210.648691375,1920,1080,105.7225
2857,885210.6343333333,885210.662213333,1920,1080,105.715
2858,885210.6503333333,885210.680866416,1920,1080,105.665
2859,885210.6673333333,885210.695555666,1920,1080,105.605
2860,885210.6833333333,885210.711524,1920,1080,105.71
2861,885210.7003333333,885210.727696875,1920,1080,105.615
2862,885210.7173333333,885210.743970583,1920,1080,105.615
2863,885210.7333333333,885210.760383708,1920,1080,105.6175
2864,885210.7503333334,885210.778483666,1920,1080,105.7725
2865,885210.7673333334,885210.793036291,1920,1080,105.6875
2866,885210.7833333333,885210.809282208,1920,1080,105.6525
2867,885210.8003333333,885210.826269833,1920,1080,105.7125
2868,885210.8163333334,885210.843309666,1920,1080,105.755
2869,885210.8333333334,885210.855864708,1920,1080,105.7725
2870,885210.8503333334,885210.870738125,1920,1080,105.7825
2871,885210.8663333333,885210.887751833,1920,1080,105.84
2872,885210.8833333333,885210.905500708,1920,1080,105.805
2873,885210.9003333333,885210.92190325,1920,1080,105.8675
2874,885210.9163333334,885210.937775458,1920,1080,105.805
2875,885210.9333333333,885210.968948416,1920,1080,105.8375
2876,885210.9493333333,885210.986467458,1920,1080,105.765
2877,885210.9663333333,885211.002055583,1920,1080,105.6775
2878,885210.9833333333,885211.020142666,1920,1080,105.6025
2879,885210.9993333333,885211.03079725,1920,1080,105.5725
2880,885211.0163333333,885211.051089958,1920,1080,105.5175
2881,885211.0343333334,885211.067307666,1920,1080,105.4775
2882,885211.0503333333,885211.078738625,1920,1080,105.5625
2883,885211.0673333333,885211.094537458,1920,1080,105.525
2884,885211.0833333334,885211.111596458,1920,1080,105.515
2885,885211.1003333334,885211.127743166,1920,1080,105.5825
2886,885211.1173333334,885211.142697208,1920,1080,105.5725
2887,885211.1333333333,885211.160541625,1920,1080,105.5575
2888,885211.1503333333,885211.179627875,1920,1080,105.59
2889,885211.1673333333,885211.192462958,1920,1080,105.5725
2890,885211.1833333333,885211.209967208,1920,1080,105.5375
2891,885211.2003333333,885211.2230055,1920,1080,105.55
2892,885211.2163333333,885211.242774583,1920,1080,105.57
2893,885211.2333333333,885211.260208083,1920,1080,105.595
2894,885211.2503333334,885211.272445583,1920,1080,105.505
2895,885211.2663333333,885211.288911125,1920,1080,105.535
2896,885211.2833333333,885211.302565333,1920,1080,105.55
2897,885211.3003333333,885211.3195,1920,1080,105.6225
2898,885211.3163333334,885211.338315375,1920,1080,105.64
2899,885211.3333333334,885211.36766125,1920,1080,105.585
2900,885211.3493333333,885211.383939416,1920,1080,105.485
2901,885211.3663333333,885211.399535625,1920,1080,105.58
2902,885211.3833333333,885211.414392541,1920,1080,105.53
2903,885211.3993333334,885211.431845125,1920,1080,105.52
2904,885211.4163333334,885211.450432041,1920,1080,105.5025
2905,885211.4333333333,885211.465657708,1920,1080,105.5475
2906,885211.4493333333,885211.479582,1920,1080,105.5625
2907,885211.4663333333,885211.495949458,1920,1080,105.5125
2908,885211.4823333333,885211.512184916,1920,1080,105.455
2909,885211.4993333333,885211.527765,1920,1080,105.35
2910,885211.5163333333,885211.545045625,1920,1080,105.4675
2911,885211.5323333333,885211.561069916,1920,1080,105.4725
2912,885211.5493333334,885211.57820825,1920,1080,105.4375
2913,885211.5663333334,885211.591410333,1920,1080,105.27
2914,885211.5833333334,885211.6101365,1920,1080,105.26
2915,885211.5993333333,885211.624264625,1920,1080,105.225
2916,885211.6163333333,885211.643838166,1920,1080,105.1525
2917,885211.6333333333,885211.655325708,1920,1080,105.2925
2918,885211.6493333334,885211.67604125,1920,1080,105.2225
2919,885211.6663333334,885211.687251541,1920,1080,105.235
2920,885211.6833333333,885211.70309275,1920,1080,105.2025
2921,885211.7003333333,885211.720057583,1920,1080,105.1875
2922,885211.7173333333,885211.735366166,1920,1080,105.215
2923,885211.7333333333,885211.766937958,1920,1080,105.31
2924,885211.7503333334,885211.783470958,1920,1080,105.1525
2925,885211.7673333334,885211.800374708,1920,1080,105.205
2926,885211.7833333333,885211.816347416,1920,1080,105.275
2927,885211.8003333333,885211.833349375,1920,1080,105.18
2928,885211.8163333334,885211.851649291,1920,1080,105.27
2929,885211.8333333334,885211.865729416,1920,1080,105.3075
2930,885211.8503333334,885211.87887325,1920,1080,105.39
2931,885211.8663333333,885211.897040833,1920,1080,105.3775
2932,885211.8833333333,885211.911530875,1920,1080,105.3525
2933,885211.9003333333,885211.929552708,1920,1080,105.4325
2934,885211.9173333333,885211.945283791,1920,1080,105.3475
2935,885211.9333333333,885211.961394,1920,1080,105.3625
2936,885211.9503333333,885211.978785833,1920,1080,105.4375
2937,885211.9673333333,885211.995378333,1920,1080,105.425
2938,885211.9833333333,885212.008974791,1920,1080,105.42
2939,885212.0003333334,885212.02503075,1920,1080,105.4625
2940,885212.0163333333,885212.046103,1920,1080,105.415
2941,885212.0333333333,885212.055707041,1920,1080,105.4825
2942,885212.0503333333,885212.074108125,1920,1080,105.45
2943,885212.0663333334,885212.087766625,1920,1080,105.45
2944,885212.0833333334,885212.103982958,1920,1080,105.4475
2945,885212.1003333334,885212.1190585,1920,1080,105.5
2946,885212.1163333333,885212.13508675,1920,1080,105.4
2947,885212.1333333333,885212.168019125,1920,1080,105.395
2948,885212.1493333334,885212.183351166,1920,1080,105.415
2949,885212.1663333334,885212.200310125,1920,1080,105.5125
2950,885212.1833333333,885212.216283291,1920,1080,105.46
2951,885212.1993333333,885212.232134708,1920,1080,105.6325
2952,885212.2163333333,885212.2526455,1920,1080,105.535
2953,885212.2333333333,885212.262037291,1920,1080,105.5625
2954,885212.2493333333,885212.279357125,1920,1080,105.4725
2955,885212.2663333333,885212.295048208,1920,1080,105.64
2956,885212.2823333333,885212.3113345,1920,1080,105.6575
2957,885212.2993333334,885212.330342666,1920,1080,105.665
2958,885212.3163333334,885212.344343333,1920,1080,105.6525
2959,885212.3323333333,885212.359271333,1920,1080,105.7675
2960,885212.3493333333,885212.377496625,1920,1080,105.765
2961,885212.3673333334,885212.391565833,1920,1080,105.6125
2962,885212.3833333333,885212.411384541,1920,1080,105.56
2963,885212.4003333333,885212.424672583,1920,1080,105.4425
2964,885212.4163333334,885212.443623791,1920,1080,105.2675
2965,885212.4333333333,885212.45579975,1920,1080,105.27
2966,885212.4503333333,885212.471105875,1920,1080,105.1275
2967,885212.4663333333,885212.488073166,1920,1080,105.1275
2968,885212.4833333333,885212.503857375,1920,1080,104.7775
2969,885212.5003333334,885212.520767416,1920,1080,104.675
2970,885212.5163333333,885212.536176958,1920,1080,104.665
2971,885212.5333333333,885212.568090083,1920,1080,104.2325
2972,885212.5493333334,885212.58393675,1920,1080,103.8
2973,885212.5663333334,885212.600337333,1920,1080,103.54
2974,885212.5833333334,885212.615670708,1920,1080,103.0075
2975,885212.6003333334,885212.632973166,1920,1080,102.5925
2976,885212.6163333333,885212.65260975,1920,1080,102.2675
2977,885212.6333333333,885212.662865583,1920,1080,101.935
2978,885212.6503333333,885212.68381525,1920,1080,101.8675
2979,885212.6663333334,885212.697239791,1920,1080,101.7175
2980,885212.6833333333,885212.710941708,1920,1080,101.655
2981,885212.7003333333,885212.727381166,1920,1080,101.6
2982,885212.7163333333,885212.742722083,1920,1080,101.4775
2983,885212.7333333333,885212.760172583,1920,1080,101.4325
2984,885212.7493333333,885212.777997958,1920,1080,101.385
2985,885212.7663333333,885212.792574791,1920,1080,101.48
2986,885212.7833333333,885212.807858791,1920,1080,101.4425
2987,885212.7993333334,885212.823612666,1920,1080,101.445
2988,885212.8163333334,885212.8411045,1920,1080,101.31
2989,885212.8333333334,885212.860783875,1920,1080,101.45
2990,885212.8493333333,885212.871119708,1920,1080,101.5075
2991,885212.8663333333,885212.8875755,1920,1080,101.4825
2992,885212.8823333334,885212.904097125,1920,1080,101.445
2993,885212.8993333334,885212.9202025,1920,1080,101.255
2994,885212.9163333334,885212.939659458,1920,1080,100.8575
2995,885212.9323333333,885212.951432458,1920,1080,100.1525
2996,885212.9493333333,885212.984249625,1920,1080,99.735
2997,885212.9663333333,885213.000586708,1920,1080,98.5775
2998,885212.9833333333,885213.01708025,1920,1080,97.8775
2999,885212.9993333333,885213.032997375,1920,1080,97.315
3000,885213.0163333333,885213.051345,1920,1080,97.06
3001,885213.0333333333,885213.064768666,1920,1080,97.02
3002,885213.0493,885213.079585791,1920,1080,96.93
3003,885213.0663333334,885213.096537458,1920,1080,96.705
3004,885213.0833333334,885213.111281166,1920,1080,96.6375
3005,885213.1003333334,885213.127859125,1920,1080,96.63
3006,885213.1173333334,885213.142631541,1920,1080,96.5425
3007,885213.1333333333,885213.159831791,1920,1080,96.375
3008,885213.1503333333,885213.177999625,1920,1080,96.3425
3009,885213.1673333333,885213.1908845,1920,1080,96.1725
3010,885213.1833,885213.2095795,1920,1080,96.1
3011,885213.2003333333,885213.22403175,1920,1080,95.96
3012,885213.2163,885213.240952375,1920,1080,96.0375
3013,885213.2333333333,885213.257438,1920,1080,95.77
3014,885213.2503333334,885213.270824333,1920,1080,95.645
3015,885213.2663333333,885213.286266833,1920,1080,95.73
3016,885213.2833333333,885213.302995958,1920,1080,95.57
3017,885213.3003,885213.321475333,1920,1080,95.5875
3018,885213.3163,885213.334792416,1920,1080,95.575
3019,885213.3333,885213.36672375,1920,1080,95.57
3020,885213.3493333333,885213.38253525,1920,1080,95.585
3021,885213.3663,885213.4003905,1920,1080,95.69
3022,885213.3833333333,885213.418647541,1920,1080,95.6575
3023,885213.3993,885213.430692833,1920,1080,95.7475
3024,885213.4163,885213.445997833,1920,1080,96.035
3025,885213.4333,885213.462206875,1920,1080,96.11
3026,885213.4493,885213.480643916,1920,1080,96.505
3027,885213.4663333333,885213.494472625,1920,1080,96.7425
3028,885213.4823,885213.51004675,1920,1080,97.2575
3029,885213.5003333334,885213.527965958,1920,1080,97.7125
3030,885213.5173,885213.542813458,1920,1080,97.915
3031,885213.5343,885213.558351708,1920,1080,98.0175
3032,885213.5503333333,885213.576938791,1920,1080,98.3775
3033,885213.5673,885213.592575708,1920,1080,98.83
3034,885213.5843333333,885213.608496333,1920,1080,99.2775
3035,885213.6003333334,885213.622691458,1920,1080,99.385
3036,885213.6173,885213.640862208,1920,1080,99.6125
3037,885213.6343333333,885213.655294333,1920,1080,99.9725
3038,885213.6503,885213.674816708,1920,1080,100.2325
3039,885213.6673,885213.691896666,1920,1080,100.385
3040,885213.6833333333,885213.704078708,1920,1080,100.61
3041,885213.7003333333,885213.720337625,1920,1080,100.75
3042,885213.7173,885213.737594083,1920,1080,100.8925
3043,885213.7333,885213.767712791,1920,1080,101.065
3044,885213.7503,885213.783681083,1920,1080,101.26
3045,885213.7673,885213.801697541,1920,1080,101.35
3046,885213.7833,885213.818446833,1920,1080,101.425
3047,885213.8003,885213.83106675,1920,1080,101.55
3048,885213.8163,885213.850546208,1920,1080,101.72
3049,885213.8333,885213.862871833,1920,1080,102.0075
3050,885213.8503,885213.882524333,1920,1080,102.245
3051,885213.8663333333,885213.895425458,1920,1080,102.475
3052,885213.8833,885213.911738541,1920,1080,102.725
3053,885213.9003333333,885213.927414708,1920,1080,102.835
3054,885213.9163,885213.94311375,1920,1080,103.0425
3055,885213.9333,885213.959622958,1920,1080,103.155
3056,885213.9493333333,885213.987513583,1920,1080,103.2225
3057,885213.9663,885213.991320791,1920,1080,103.3675
3058,885213.9833,885214.008907916,1920,1080,103.4125
3059,885214.0003,885214.025890208,1920,1080,103.52
3060,885214.0163,885214.042064708,1920,1080,103.5875
3061,885214.0333,885214.058890708,1920,1080,103.66
3062,885214.0503,885214.07540225,1920,1080,103.7875
3063,885214.0663333334,885214.087051791,1920,1080,103.82
3064,885214.0833,885214.103124166,1920,1080,103.965
3065,885214.1003333334,885214.12177975,1920,1080,104.06
3066,885214.1163,885214.134460333,1920,1080,104.06
3067,885214.1333,885214.169773666,1920,1080,104.115
3068,885214.1493,885214.18513125,1920,1080,104.1975
3069,885214.1663,885214.198158458,1920,1080,104.325
3070,885214.1833,885214.224926083,1920,1080,104.415
3071,885214.1993333333,885214.229595291,1920,1080,104.495
3072,885214.2163,885214.246757375,1920,1080,104.5725
3073,885214.2333,885214.262387458,1920,1080,104.5375
3074,885214.2493,885214.279611291,1920,1080,104.5475
3075,885214.2663,885214.301876541,1920,1080,104.475
3076,885214.2833,885214.317854625,1920,1080,104.6125
3077,885214.3003,885214.329958208,1920,1080,104.645
3078,885214.3173,885214.342519625,1920,1080,104.615
3079,885214.3333,885214.361704666,1920,1080,104.6225
3080,885214.3503,885214.37560425,1920,1080,104.74
3081,885214.3673,885214.3920775,1920,1080,104.775
3082,885214.3833333333,885214.409742958,1920,1080,104.805
3083,885214.4003,885214.423219625,1920,1080,104.88
3084,885214.4163,885214.438718583,1920,1080,104.81
3085,885214.4333,885214.454276208,1920,1080,104.74
3086,885214.4503,885214.471875125,1920,1080,104.86
3087,885214.4663,885214.492800666,1920,1080,104.975
3088,885214.4833333333,885214.503123625,1920,1080,104.8175
3089,885214.5003,885214.51964675,1920,1080,104.92
3090,885214.5163,885214.5344055,1920,1080,104.8675
3091,885214.5333,885214.568151583,1920,1080,104.9825
3092,885214.5493,885214.583082416,1920,1080,104.93
3093,885214.5663,885214.600194125,1920,1080,104.8725
3094,885214.5843,885214.61477725,1920,1080,105.02
3095,885214.6003,885214.632159458,1920,1080,104.97
3096,885214.6173,885214.647423208,1920,1080,105.03
3097,885214.6343,885214.662169583,1920,1080,104.92
3098,885214.6503,885214.679941708,1920,1080,104.885
3099,885214.6673,885214.698941375,1920,1080,104.9
3100,885214.6833,885214.7122585,1920,1080,105.005
3101,885214.7003,885214.727689458,1920,1080,104.865
3102,885214.7173,885214.743732625,1920,1080,104.8775
3103,885214.7333,885214.759741375,1920,1080,104.95
3104,885214.7503,885214.777918375,1920,1080,104.93
3105,885214.7673,885214.792771916,1920,1080,104.855
3106,885214.7833,885214.809489708,1920,1080,104.9275
3107,885214.8003,885214.824362291,1920,1080,104.8375
3108,885214.8163,885214.841551166,1920,1080,104.875
3109,885214.8333,885214.856489375,1920,1080,104.7825
3110,885214.8503,885214.871864125,1920,1080,104.9825
3111,885214.8663,885214.890677083,1920,1080,104.96
3112,885214.8833,885214.910282041,1920,1080,104.8875
3113,885214.9003,885214.922080458,1920,1080,104.8375
3114,885214.9163,885214.936312833,1920,1080,104.88
3115,885214.9333,885214.96671475,1920,1080,104.9
3116,885214.9493,885214.982965875,1920,1080,104.885
3117,885214.9663,885214.999174041,1920,1080,104.815
3118,885214.9833,885215.015314458,1920,1080,104.7125
3119,885214.9993,885215.031117875,1920,1080,104.835
3120,885215.0163,885215.046598708,1920,1080,104.74
3121,885215.0343,885215.06371125,1920,1080,104.795
3122,885215.0503,885215.079007958,1920,1080,104.775
3123,885215.0673,885215.095031625,1920,1080,104.775
3124,885215.0833,885215.115482375,1920,1080,104.7675
3125,885215.1003,885215.128360875,1920,1080,104.81
3126,885215.1173,885215.142600291,1920,1080,104.78
3127,885215.1333,885215.159024458,1920,1080,104.8175
3128,885215.1503,885215.177216875,1920,1080,104.8075
3129,885215.1673,885215.191606625,1920,1080,104.69
3130,885215.1833,885215.208105541,1920,1080,104.7525
3131,885215.2003,885215.223680958,1920,1080,104.835
3132,885215.2163,885215.240789833,1920,1080,104.7475
3133,885215.2333,885215.256108,1920,1080,104.9
3134,885215.2503,885215.2702775,1920,1080,104.895
3135,885215.2663,885215.287393708,1920,1080,104.73
3136,885215.2833,885215.307817541,1920,1080,104.815
3137,885215.3003,885215.3205805,1920,1080,104.69
3138,885215.3163,885215.33502275,1920,1080,104.8225
3139,885215.3343,885215.367454166,1920,1080,104.7875
3140,885215.3503,885215.383466458,1920,1080,104.81
3141,885215.3673,885215.399681833,1920,1080,104.7325
3142,885215.3843,885215.419280416,1920,1080,104.7475
3143,885215.4003,885215.430332916,1920,1080,104.68
3144,885215.4173,885215.447581708,1920,1080,104.8125
3145,885215.4343,885215.462158958,1920,1080,104.675
3146,885215.4503,885215.478600625,1920,1080,104.695
3147,885215.4673,885215.494426166,1920,1080,104.6225
3148,885215.4833,885215.517032375,1920,1080,104.6925
3149,885215.5003,885215.530017708,1920,1080,104.5425
3150,885215.5173,885215.543937041,1920,1080,104.6
3151,885215.5333,885215.559631916,1920,1080,104.5775
3152,885215.5503,885215.57774825,1920,1080,104.4625
3153,885215.5673,885215.592750166,1920,1080,104.465
3154,885215.5833,885215.608815833,1920,1080,104.5525
3155,885215.6003,885215.622836041,1920,1080,104.48
3156,885215.6163,885215.641108041,1920,1080,104.6275
3157,885215.6333,885215.656412791,1920,1080,104.605
3158,885215.6503,885215.671964166,1920,1080,104.64
3159,885215.6663,885215.688156541,1920,1080,104.625
3160,885215.6833,885215.705383333,1920,1080,104.6675
3161,885215.7003,885215.720978166,1920,1080,104.58
3162,885215.7163,885215.734355541,1920,1080,104.6975
3163,885215.7333,885215.767633083,1920,1080,104.63
3164,885215.7493,885215.784822791,1920,1080,104.585
3165,885215.7663,885215.802467166,1920,1080,104.6575
3166,885215.7833,885215.815323541,1920,1080,104.6425
3167,885215.7993,885215.8312675,1920,1080,104.6525
3168,885215.8163,885215.851340958,1920,1080,104.69
3169,885215.8333,885215.864615083,1920,1080,104.5975
3170,885215.8493,885215.879769041,1920,1080,104.52
3171,885215.8663,885215.896043875,1920,1080,104.565
3172,885215.8823,885215.912283208,1920,1080,104.595
3173,885215.8993,885215.936657166,1920,1080,104.6225
3174,885215.9163,885215.946975666,1920,1080,104.62
3175,885215.9333,885215.960862125,1920,1080,104.6625
3176,885215.9493,885215.9787345,1920,1080,104.5875
3177,885215.9663,885215.994356708,1920,1080,104.635
3178,885215.9833,885216.014261666,1920,1080,104.4975
3179,885215.9993,885216.022211833,1920,1080,104.505
3180,885216.0173,885216.040876666,1920,1080,104.5975
3181,885216.0343,885216.056319208,1920,1080,104.5375
3182,885216.0503,885216.070784291,1920,1080,104.5
3183,885216.0673,885216.086431833,1920,1080,104.4225
3184,885216.0833,885216.102620375,1920,1080,104.495
3185,885216.1003,885216.122746666,1920,1080,104.38
3186,885216.1173,885216.139622583,1920,1080,104.3675
3187,885216.1333,885216.167776541,1920,1080,104.515
3188,885216.1503,885216.185941375,1920,1080,104.3575
3189,885216.1673,885216.19897425,1920,1080,104.4175
3190,885216.1833,885216.215374666,1920,1080,104.315
3191,885216.2003,885216.230657958,1920,1080,104.3225
3192,885216.2163,885216.247593041,1920,1080,104.3175
3193,885216.2333,885216.262663416,1920,1080,104.165
3194,885216.2503,885216.278525125,1920,1080,104.185
3195,885216.2663,885216.294625666,1920,1080,103.99
3196,885216.2833,885216.311770583,1920,1080,103.9775
3197,885216.3003,885216.328303041,1920,1080,103.835
3198,885216.3163,885216.342629916,1920,1080,103.825
3199,885216.3333,885216.35958375,1920,1080,103.8325
3200,885216.3493,885216.3760905,1920,1080,103.74
3201,885216.3663,885216.389852916,1920,1080,103.805
3202,885216.3833,885216.408257541,1920,1080,103.7575
3203,885216.4003,885216.423473583,1920,1080,103.7825
3204,885216.4163,885216.440447291,1920,1080,103.775
3205,885216.4333,885216.4558835,1920,1080,103.875
3206,885216.4503,885216.470854416,1920,1080,103.8625
3207,885216.4663,885216.486611416,1920,1080,103.785
3208,885216.4833,885216.50356925,1920,1080,103.8475
3209,885216.5003,885216.528309041,1920,1080,103.75
3210,885216.5163,885216.534962625,1920,1080,103.845
3211,885216.5333,885216.567184916,1920,1080,103.8675
3212,885216.5493,885216.58290675,1920,1080,103.77
3213,885216.5673,885216.598433875,1920,1080,103.725
3214,885216.5833,885216.614132583,1920,1080,103.715
3215,885216.6003,885216.630149875,1920,1080,103.715
3216,885216.6163,885216.647732583,1920,1080,103.8425
3217,885216.6333,885216.66211475,1920,1080,103.82
3218,885216.6503,885216.679826125,1920,1080,103.59
3219,885216.6663,885216.696407166,1920,1080,103.6225
3220,885216.6833,885216.711654875,1920,1080,103.5975
3221,885216.7003,885216.734869958,1920,1080,103.735
3222,885216.7163,885216.745351125,1920,1080,103.6825
3223,885216.7333,885216.760065333,1920,1080,103.66
3224,885216.7493,885216.775440541,1920,1080,103.74
3225,885216.7663,885216.792785375,1920,1080,103.8125
3226,885216.7833,885216.811187166,1920,1080,103.735
3227,885216.8003,885216.823945291,1920,1080,103.76
3228,885216.8163,885216.843984833,1920,1080,103.7725
3229,885216.8333,885216.855632916,1920,1080,103.8125
3230,885216.8503,885216.871968458,1920,1080,103.83
3231,885216.8663,885216.891366791,1920,1080,103.695
3232,885216.8833,885216.906451458,1920,1080,103.675
3233,885216.9003,885216.924996625,1920,1080,103.725
3234,885216.9163,885216.936095166,1920,1080,103.7525
3235,885216.9333,885216.973342541,1920,1080,103.6975
3236,885216.9493,885216.98522125,1920,1080,103.7525
3237,885216.9663,885216.998165166,1920,1080,103.6725
3238,885216.9833,885217.014379708,1920,1080,103.715
3239,885216.9993,885217.030256958,1920,1080,103.5975
3240,885217.0163,885217.0464395,1920,1080,103.5125
3241,885217.0333,885217.062125875,1920,1080,103.43
3242,885217.0493,885217.078363083,1920,1080,103.43
3243,885217.0663,885217.094494708,1920,1080,103.4775
3244,885217.0823,885217.110661125,1920,1080,103.525
3245,885217.0993,885217.126454375,1920,1080,103.41
3246,885217.1173,885217.145581875,1920,1080,103.5425
3247,885217.1333,885217.15854475,1920,1080,103.6
3248,885217.1503,885217.177760916,1920,1080,103.67
3249,885217.1673,885217.193232208,1920,1080,103.7325
3250,885217.1833,885217.210707125,1920,1080,103.675
3251,885217.2003,885217.224829541,1920,1080,103.72
3252,885217.2163,885217.240140625,1920,1080,103.6925
3253,885217.2333,885217.258078666,1920,1080,103.6175
3254,885217.2503,885217.272308291,1920,1080,103.62
3255,885217.2663,885217.288872166,1920,1080,103.7025
3256,885217.2833,885217.305252583,1920,1080,103.755
3257,885217.3003,885217.321782708,1920,1080,103.795
3258,885217.3163,885217.336386625,1920,1080,103.8275
3259,885217.3333,885217.370119666,1920,1080,103.8175
3260,885217.3493,885217.383103791,1920,1080,103.93
3261,885217.3663,885217.398114166,1920,1080,103.8275
3262,885217.3843,885217.415350333,1920,1080,103.765
3263,885217.4003,885217.431277833,1920,1080,103.8675
3264,885217.4173,885217.447753041,1920,1080,103.8425
3265,885217.4343,885217.461746708,1920,1080,103.85
3266,885217.4503,885217.478313333,1920,1080,103.8125
3267,885217.4673,885217.494356166,1920,1080,103.8475
3268,885217.4833,885217.511752041,1920,1080,104.0075
3269,885217.5003,885217.5272545,1920,1080,104.05
3270,885217.5173,885217.543121166,1920,1080,104.0675
3271,885217.5333,885217.565722625,1920,1080,104.105
3272,885217.5503,885217.577778041,1920,1080,104.195
3273,885217.5673,885217.590743125,1920,1080,104.25
3274,885217.5843,885217.608967291,1920,1080,104.21
3275,885217.6003,885217.624004208,1920,1080,104.1725
3276,885217.6173,885217.641534041,1920,1080,104.1425
3277,885217.6343,885217.659535083,1920,1080,104.455
3278,885217.6503,885217.671100208,1920,1080,104.395
3279,885217.6673,885217.686783791,1920,1080,104.46
3280,885217.6833,885217.702268958,1920,1080,104.4125
3281,885217.7003,885217.719818625,1920,1080,104.44
3282,885217.7173,885217.735526625,1920,1080,104.5025
3283,885217.7333,885217.771955458,1920,1080,104.4825
3284,885217.7503,885217.784458041,1920,1080,104.54
3285,885217.7673,885217.80018125,1920,1080,104.5925
3286,885217.7833,885217.822066375,1920,1080,104.4325
3287,885217.8003,885217.83094525,1920,1080,104.56
3288,885217.8163,885217.852120541,1920,1080,104.5425
3289,885217.8333,885217.86381675,1920,1080,104.5675
3290,885217.8503,885217.880219,1920,1080,104.5
3291,885217.8663,885217.896173875,1920,1080,104.4925
3292,885217.8833,885217.91234575,1920,1080,104.625
3293,885217.9003,885217.931012625,1920,1080,104.635
3294,885217.9163,885217.945780708,1920,1080,104.675
3295,885217.9333,885217.965868083,1920,1080,104.5925
3296,885217.9493,885217.981164708,1920,1080,104.635
3297,885217.9673,885217.99427975,1920,1080,104.6225
3298,885217.9833,885218.01123525,1920,1080,104.65
3299,885218.0003,885218.025320041,1920,1080,104.64
3300,885218.0163,885218.042561416,1920,1080,104.625
3301,885218.0333,885218.057434708,1920,1080,104.62
3302,885218.0502666667,885218.074457291,1920,1080,104.53
3303,885218.0663,885218.086735708,1920,1080,104.53
3304,885218.0833,885218.104320375,1920,1080,104.5325
3305,885218.1003,885218.119895833,1920,1080,104.5425
3306,885218.1163,885218.136507166,1920,1080,104.4425
3307,885218.1333,885218.171180125,1920,1080,104.3975
3308,885218.1503,885218.184641666,1920,1080,104.43
3309,885218.1673,885218.199159,1920,1080,104.35
3310,885218.1833,885218.215984875,1920,1080,104.4525
3311,885218.2003,885218.232624125,1920,1080,104.4875
3312,885218.2163,885218.247618541,1920,1080,104.375
3313,885218.2333,885218.2626805,1920,1080,104.1875
3314,885218.2503,885218.279689958,1920,1080,104.3075
3315,885218.2663,885218.295790458,1920,1080,104.195
3316,885218.2832666667,885218.311514666,1920,1080,104.0975
3317,885218.3002666667,885218.33012325,1920,1080,104.085
3318,885218.3163,885218.34250825,1920,1080,104.05
3319,885218.3332666666,885218.359026208,1920,1080,104.1075
3320,885218.3493,885218.382548333,1920,1080,104.05
3321,885218.3662666667,885218.395360625,1920,1080,104.045
3322,885218.3832666667,885218.408314291,1920,1080,104.025
3323,885218.3993,885218.423809375,1920,1080,104.14
3324,885218.4162666666,885218.439862,1920,1080,104.08
3325,885218.4333,885218.45718825,1920,1080,104.0025
3326,885218.4493,885218.470853375,1920,1080,103.9825
3327,885218.4662666667,885218.488822375,1920,1080,103.93
3328,885218.4823,885218.503885,1920,1080,103.975
3329,885218.5003,885218.523787458,1920,1080,103.925
3330,885218.5162666667,885218.53489275,1920,1080,103.9025
3331,885218.5332666667,885218.56762,1920,1080,103.94
3332,885218.5493,885218.588894083,1920,1080,103.96
3333,885218.5662666666,885218.598045333,1920,1080,103.9775
3334,885218.5832666666,885218.613743958,1920,1080,103.945
3335,885218.5992666667,885218.630342166,1920,1080,104.005
3336,885218.6162666667,885218.656157166,1920,1080,104.1025
3337,885218.6333,885218.661790166,1920,1080,104.14
3338,885218.6503,885218.678034833,1920,1080,104.1425
3339,885218.6663,885218.693839875,1920,1080,104.1925
3340,885218.6833,885218.71171025,1920,1080,104.17
3341,885218.7003,885218.726679083,1920,1080,104.1725
3342,885218.7162666667,885218.743117291,1920,1080,104.1475
3343,885218.7333,885218.761039541,1920,1080,104.1625
3344,885218.7492666667,885218.778759791,1920,1080,104.055
3345,885218.7662666667,885218.795376041,1920,1080,104.08
3346,885218.7832666667,885218.811904458,1920,1080,104.085
3347,885218.7992666666,885218.824490375,1920,1080,104.0875
3348,885218.8162666666,885218.840456208,1920,1080,104.0075
3349,885218.8332666666,885218.858725125,1920,1080,104.1225
3350,885218.8492666667,885218.874356166,1920,1080,104.07
3351,885218.8662666667,885218.889247625,1920,1080,104.085
3352,885218.8822666666,885218.905623958,1920,1080,103.965
3353,885218.8992666666,885218.921151875,1920,1080,104.0475
3354,885218.9163,885218.936334083,1920,1080,104.05
3355,885218.9322666667,885218.953699625,1920,1080,104.08
3356,885218.9492666667,885218.984168791,1920,1080,104.0775
3357,885218.9662666667,885219.004195875,1920,1080,104.185
3358,885218.9832666666,885219.015030583,1920,1080,104.09
3359,885218.9992666667,885219.03009175,1920,1080,104.205
3360,885219.0162666667,885219.0461315,1920,1080,104.12
3361,885219.0342666666,885219.062164333,1920,1080,104.03
3362,885219.0502666667,885219.07894225,1920,1080,104.0
3363,885219.0672666667,885219.095506541,1920,1080,103.95
3364,885219.0832666666,885219.111616875,1920,1080,103.9825
3365,885219.1003,885219.12745075,1920,1080,104.05
3366,885219.1172666666,885219.142921291,1920,1080,104.11
3367,885219.1332666667,885219.159799125,1920,1080,103.9725
3368,885219.1503,885219.178528125,1920,1080,104.1075
3369,885219.1673,885219.193498625,1920,1080,104.13
3370,885219.1833,885219.213668291,1920,1080,104.195
3371,885219.2003,885219.222078833,1920,1080,104.0775
3372,885219.2162666667,885219.239290458,1920,1080,104.205
3373,885219.2332666666,885219.261176208,1920,1080,104.27
3374,885219.2502666666,885219.270743708,1920,1080,104.275
3375,885219.2662666667,885219.287788458,1920,1080,104.2525
3376,885219.2832666667,885219.305887208,1920,1080,104.305
3377,885219.3002666667,885219.3208825,1920,1080,104.235
3378,885219.3162666666,885219.337538291,1920,1080,104.3075
3379,885219.3332666666,885219.371391791,1920,1080,104.255
3380,885219.3492666667,885219.382918583,1920,1080,104.3825
3381,885219.3662666667,885219.400031583,1920,1080,104.33
3382,885219.3832666667,885219.417867791,1920,1080,104.45
3383,885219.3992666666,885219.434028458,1920,1080,104.53
3384,885219.4172666667,885219.446131791,1920,1080,104.505
3385,885219.4342666666,885219.462816916,1920,1080,104.5475
3386,885219.4503,885219.479447166,1920,1080,104.6025
3387,885219.4672666667,885219.495604416,1920,1080,104.6975
3388,885219.4832666666,885219.512308291,1920,1080,104.565
3389,885219.5002666666,885219.527340375,1920,1080,104.505
3390,885219.5172666666,885219.542287416,1920,1080,104.6675
3391,885219.5332666667,885219.558462041,1920,1080,104.645
3392,885219.5503,885219.577998625,1920,1080,104.72
3393,885219.5672666667,885219.59131875,1920,1080,104.5425
3394,885219.5832666666,885219.611723833,1920,1080,104.6125
3395,885219.6002666666,885219.623912583,1920,1080,104.62
3396,885219.6162666667,885219.640651958,1920,1080,104.525
3397,885219.6332666667,885219.6557595,1920,1080,104.6475
3398,885219.6502666667,885219.66971675,1920,1080,104.5875
3399,885219.6663,885219.68821175,1920,1080,104.635
3400,885219.6833,885219.702616625,1920,1080,104.675
3401,885219.7002666667,885219.721706375,1920,1080,104.7875
3402,885219.7162666667,885219.735100583,1920,1080,104.6775
3403,885219.7332666666,885219.770643583,1920,1080,104.8275
3404,885219.7502666666,885219.782511416,1920,1080,104.885
3405,885219.7672666666,885219.798930958,1920,1080,104.945
3406,885219.7832666667,885219.820009208,1920,1080,104.8475
3407,885219.8002666667,885219.831185666,1920,1080,104.915
3408,885219.8162666666,885219.846863958,1920,1080,104.8375
3409,885219.8332666666,885219.863080708,1920,1080,104.9125
3410,885219.8502666666,885219.880126958,1920,1080,104.9675
3411,885219.8662666667,885219.895035916,1920,1080,104.875
3412,885219.8832666667,885219.912754208,1920,1080,104.8875
3413,885219.9002666667,885219.929483041,1920,1080,104.98
3414,885219.9162666666,885219.944881958,1920,1080,104.9575
3415,885219.9332666667,885219.961655375,1920,1080,104.9725
3416,885219.9492666667,885219.980887958,1920,1080,104.9975
3417,885219.9672666667,885219.992155583,1920,1080,105.12
3418,885219.9832666666,885220.015512083,1920,1080,105.1175
3419,885220.0002666666,885220.025571375,1920,1080,104.9975
3420,885220.0162666667,885220.041896125,1920,1080,104.9825
3421,885220.0332666667,885220.058420208,1920,1080,105.045
3422,885220.0502666667,885220.073713083,1920,1080,105.1575
3423,885220.0662666666,885220.088496833,1920,1080,105.0975
3424,885220.0832666666,885220.103226041,1920,1080,105.1
3425,885220.1002666666,885220.120083125,1920,1080,105.1275
3426,885220.1162666667,885220.137408916,1920,1080,105.2075
3427,885220.1332666667,885220.169675166,1920,1080,105.0575
3428,885220.1502666667,885220.18356875,1920,1080,105.155
3429,885220.1672666667,885220.199720375,1920,1080,105.1325
3430,885220.1832666667,885220.219481333,1920,1080,105.1625
3431,885220.2002666667,885220.230193583,1920,1080,105.205
3432,885220.2162666667,885220.247694416,1920,1080,105.0925
3433,885220.2332666666,885220.262107916,1920,1080,105.1575
3434,885220.2502666666,885220.27923325,1920,1080,105.0525
3435,885220.2662666667,885220.295746125,1920,1080,105.1
3436,885220.2832666667,885220.31284125,1920,1080,104.9975
3437,885220.3002666667,885220.328611625,1920,1080,105.0525
3438,885220.3172666667,885220.344019541,1920,1080,105.025
3439,885220.3332666666,885220.359936416,1920,1080,105.0125
3440,885220.3502666666,885220.379737041,1920,1080,105.0325
3441,885220.3672666666,885220.393480208,1920,1080,104.99
3442,885220.3832666667,885220.4114815,1920,1080,104.945
3443,885220.4002666667,885220.425040083,1920,1080,104.9675
3444,885220.4162666666,885220.439432041,1920,1080,105.0475
3445,885220.4332666667,885220.45736875,1920,1080,104.915
3446,885220.4502666667,885220.47017325,1920,1080,104.8975
3447,885220.4672666667,885220.486619875,1920,1080,104.815
3448,885220.4832666666,885220.504440791,1920,1080,105.01
3449,885220.5002666666,885220.520410958,1920,1080,105.0075
3450,885220.5172666666,885220.536209791,1920,1080,104.9525
3451,885220.5332666667,885220.56945625,1920,1080,104.935
3452,885220.5502666667,885220.583592958,1920,1080,104.9275
3453,885220.5672666667,885220.599994625,1920,1080,104.7475
3454,885220.5832666666,885220.619871708,1920,1080,104.7275
3455,885220.6002666666,885220.630211166,1920,1080,104.8275
3456,885220.6162666667,885220.648947583,1920,1080,104.84
3457,885220.6332666667,885220.662153625,1920,1080,104.8175
3458,885220.6502666667,885220.67935925,1920,1080,104.83
3459,885220.6662666666,885220.6955035,1920,1080,104.6875
3460,885220.6832666667,885220.711906416,1920,1080,104.83
3461,885220.7002666667,885220.72589225,1920,1080,104.6625
3462,885220.7172666667,885220.742700625,1920,1080,104.66
3463,885220.7332666666,885220.75838775,1920,1080,104.4975
3464,885220.7502666666,885220.775225416,1920,1080,104.4425
3465,885220.7672666666,885220.791506916,1920,1080,103.9875
3466,885220.7832666667,885220.812006375,1920,1080,103.7175
3467,885220.8002666667,885220.823183625,1920,1080,102.985
3468,885220.8162666666,885220.844285125,1920,1080,101.885
3469,885220.8332666666,885220.856842416,1920,1080,101.3525
3470,885220.8502666666,885220.872109958,1920,1080,100.7225
3471,885220.8662666667,885220.888039791,1920,1080,100.3475
3472,885220.8842666667,885220.905006583,1920,1080,100.1175
3473,885220.9012666667,885220.935060791,1920,1080,99.705
3474,885220.9182666667,885220.951455625,1920,1080,99.5625
3475,885220.9342666666,885220.967661958,1920,1080,99.3175
3476,885220.9512666666,885220.983746375,1920,1080,99.335
3477,885220.9682666666,885220.999434625,1920,1080,99.275
3478,885220.9842666667,885221.022073541,1920,1080,99.2575
3479,885221.0012666667,885221.033350708,1920,1080,99.2725
3480,885221.0172666666,885221.048302375,1920,1080,99.25
3481,885221.0342666666,885221.062786625,1920,1080,99.275
3482,885221.0512666666,885221.079192125,1920,1080,99.2375
3483,885221.0672666667,885221.096165166,1920,1080,99.3575
3484,885221.0842666667,885221.110394916,1920,1080,99.3675
3485,885221.1012666667,885221.127540083,1920,1080,99.535
3486,885221.1172666666,885221.142577416,1920,1080,99.545
3487,885221.1342666667,885221.15961225,1920,1080,99.5425
3488,885221.1502666667,885221.1769505,1920,1080,99.5375
3489,885221.1672666667,885221.192651083,1920,1080,99.4425
3490,885221.1842666666,885221.211571541,1920,1080,99.4475
3491,885221.2002666667,885221.222466125,1920,1080,99.21
3492,885221.2172666667,885221.24034275,1920,1080,99.165
3493,885221.2342666667,885221.255389333,1920,1080,98.8875
3494,885221.2502666666,885221.271674125,1920,1080,98.83
3495,885221.2672666666,885221.287766666,1920,1080,98.58
3496,885221.2832666667,885221.304652708,1920,1080,98.5275
3497,885221.3002666667,885221.31986275,1920,1080,98.3025
3498,885221.3172666667,885221.336417625,1920,1080,98.0375
3499,885221.3332666666,885221.388570708,1920,1080,97.955
3500,885221.3502666666,885221.388918541,1920,1080,97.9775
3501,885221.3672666666,885221.398154083,1920,1080,97.795
3502,885221.3832666667,885221.415775791,1920,1080,97.645
3503,885221.4002666667,885221.434160166,1920,1080,97.5
3504,885221.4162666666,885221.448169208,1920,1080,97.48
3505,885221.4332666667,885221.462098916,1920,1080,97.3525
3506,885221.4502666667,885221.481325041,1920,1080,97.275
3507,885221.4662666667,885221.494671791,1920,1080,97.185
3508,885221.4842666667,885221.5114965,1920,1080,97.1675
3509,885221.5012666667,885221.527712875,1920,1080,97.0475
3510,885221.5172666666,885221.542437708,1920,1080,97.1075
3511,885221.5342666666,885221.558866041,1920,1080,96.975
3512,885221.5502666667,885221.574855333,1920,1080,96.915
3513,885221.5672666667,885221.592195208,1920,1080,96.945
3514,885221.5842666667,885221.60860275,1920,1080,96.74
3515,885221.6002666666,885221.627093333,1920,1080,96.7825
3516,885221.6172666666,885221.641881875,1920,1080,96.675
3517,885221.6342666667,885221.654454291,1920,1080,96.695
3518,885221.6502666667,885221.671921083,1920,1080,96.7675
3519,885221.6672666667,885221.687616833,1920,1080,96.7525
3520,885221.6832666667,885221.704203416,1920,1080,96.7525
3521,885221.7002666667,885221.720797791,1920,1080,96.75
3522,885221.7172666667,885221.735778875,1920,1080,96.6325
3523,885221.7332666666,885221.770534041,1920,1080,96.655
3524,885221.7502666666,885221.783514625,1920,1080,96.6825
3525,885221.7672666666,885221.800519875,1920,1080,96.6575
3526,885221.7832666667,885221.819388375,1920,1080,96.6825
3527,885221.8002666667,885221.838284625,1920,1080,96.7625
3528,885221.8162666666,885221.849555166,1920,1080,96.7475
3529,885221.8332666666,885221.864941,1920,1080,96.87
3530,885221.8502666666,885221.880093375,1920,1080,96.7125
3531,885221.8662666667,885221.897343625,1920,1080,96.7675
3532,885221.8832666667,885221.9109815,1920,1080,96.715
3533,885221.9002666667,885221.927316708,1920,1080,96.79
3534,885221.9162666666,885221.942671333,1920,1080,96.63
3535,885221.9332666667,885221.958271041,1920,1080,96.8
3536,885221.9492666667,885221.974789416,1920,1080,96.8
3537,885221.9662666667,885221.992477625,1920,1080,96.9475
3538,885221.9832666666,885222.008696166,1920,1080,96.8525
3539,885221.9992666667,885222.022318333,1920,1080,96.8375
3540,885222.0172666666,885222.044088291,1920,1080,96.87
3541,885222.0342666666,885222.062825541,1920,1080,96.8125
3542,885222.0502666667,885222.071881125,1920,1080,96.9575
3543,885222.0672666667,885222.089077708,1920,1080,96.9275
3544,885222.0832666666,885222.105063208,1920,1080,96.9625
3545,885222.1002666666,885222.1207745,1920,1080,96.9725
3546,885222.1172666666,885222.13523425,1920,1080,97.0125
3547,885222.1342666667,885222.169035375,1920,1080,97.2
3548,885222.1502666667,885222.1837235,1920,1080,97.15
3549,885222.1672666667,885222.2001425,1920,1080,97.21
3550,885222.1842666666,885222.219384125,1920,1080,97.3575
3551,885222.2002666667,885222.231707166,1920,1080,97.425
3552,885222.2172666667,885222.252590458,1920,1080,97.3175
3553,885222.2342666667,885222.264299208,1920,1080,97.4875
3554,885222.2502666666,885222.278486625,1920,1080,97.5875
3555,885222.2672666666,885222.295513416,1920,1080,97.5875
3556,885222.2832666667,885222.313134791,1920,1080,97.7675
3557,885222.3002666667,885222.33107675,1920,1080,97.63
3558,885222.3172666667,885222.343759625,1920,1080,97.77
3559,885222.3332666666,885222.358477583,1920,1080,97.7825
3560,885222.3502666666,885222.378595583,1920,1080,97.8675
3561,885222.3672666666,885222.39292775,1920,1080,97.9925
3562,885222.3832666667,885222.408855125,1920,1080,97.945
3563,885222.4002666667,885222.422337458,1920,1080,97.98
3564,885222.4162666666,885222.440068166,1920,1080,98.03
3565,885222.4332666667,885222.457380208,1920,1080,98.0725
3566,885222.4502666667,885222.47589425,1920,1080,98.035
3567,885222.4662666667,885222.487041791,1920,1080,98.1975
3568,885222.4832666666,885222.503480833,1920,1080,98.28
3569,885222.5002666666,885222.520958583,1920,1080,98.27
3570,885222.5162666667,885222.535205125,1920,1080,98.38
3571,885222.5342666666,885222.569449791,1920,1080,98.2725
3572,885222.5502666667,885222.58342175,1920,1080,98.47
3573,885222.5672666667,885222.601324833,1920,1080,98.3425
3574,885222.5842666667,885222.618581416,1920,1080,98.52
3575,885222.6002666666,885222.631632458,1920,1080,98.5325
3576,885222.6172666666,885222.647339791,1920,1080,98.545
3577,885222.6342666667,885222.665624208,1920,1080,98.405
3578,885222.6502666667,885222.68581425,1920,1080,98.4725
3579,885222.6672666667,885222.694360583,1920,1080,98.6175
3580,885222.6832666667,885222.711669625,1920,1080,98.515
3581,885222.7002666667,885222.728957208,1920,1080,98.6475
3582,885222.7172666667,885222.742903666,1920,1080,98.56
3583,885222.7332666666,885222.761527708,1920,1080,98.4725
3584,885222.7502666666,885222.778126583,1920,1080,98.415
3585,885222.7672666666,885222.792509708,1920,1080,98.4125
3586,885222.7832666667,885222.806970791,1920,1080,98.375
3587,885222.8002666667,885222.825809958,1920,1080,98.28
3588,885222.8162666666,885222.842941083,1920,1080,98.3175
3589,885222.8332666666,885222.8568275,1920,1080,98.0425
3590,885222.8502666666,885222.877390041,1920,1080,97.9275
3591,885222.8662666667,885222.889226291,1920,1080,97.79
3592,885222.8832666667,885222.905064833,1920,1080,97.5375
3593,885222.9002666667,885222.921617958,1920,1080,97.6475
3594,885222.9162666666,885222.9368665,1920,1080,97.57
3595,885222.9332666667,885222.971513458,1920,1080,97.4925
3596,885222.9492666667,885222.982813666,1920,1080,97.445
3597,885222.9662666667,885223.00055475,1920,1080,97.2625
3598,885222.9832666666,885223.016264583,1920,1080,97.2425
3599,885222.9992666667,885223.031212625,1920,1080,97.21
3600,885223.0162666667,885223.04708975,1920,1080,96.985
3601,885223.0342666666,885223.062239791,1920,1080,96.9
3602,885223.0502666667,885223.083846375,1920,1080,96.855
3603,885223.0672666667,885223.095554875,1920,1080,96.875
3604,885223.0832666666,885223.110932666,1920,1080,96.8675
3605,885223.1002666666,885223.128504416,1920,1080,96.7775
3606,885223.1172666666,885223.143952708,1920,1080,96.765
3607,885223.1332333334,885223.159654666,1920,1080,96.6675
3608,885223.1502666667,885223.176272333,1920,1080,96.6025
3609,885223.1672666667,885223.192850041,1920,1080,96.62
3610,885223.1832666667,885223.209377791,1920,1080,96.5675
3611,885223.2002666667,885223.223158916,1920,1080,96.445
3612,885223.2162666667,885223.24087675,1920,1080,96.4075
3613,885223.2332666666,885223.256025666,1920,1080,96.385
3614,885223.2502666666,885223.2757955,1920,1080,96.4075
3615,885223.2662333334,885223.287196583,1920,1080,96.305
3616,885223.2842666666,885223.302541166,1920,1080,96.2725
3617,885223.3012333333,885223.320344291,1920,1080,96.245
3618,885223.3172666667,885223.352357333,1920,1080,96.27
3619,885223.3342666667,885223.36684125,1920,1080,96.2525
3620,885223.3502666666,885223.384364166,1920,1080,96.35
3621,885223.3672666666,885223.400523375,1920,1080,96.24
3622,885223.3842666667,885223.419034791,1920,1080,96.17
3623,885223.4002666667,885223.432116791,1920,1080,96.1725
3624,885223.4172666667,885223.447772166,1920,1080,96.065
3625,885223.4342666666,885223.462832041,1920,1080,96.065
3626,885223.4502666667,885223.483273208,1920,1080,96.1275
3627,885223.4672666667,885223.497525625,1920,1080,96.1425
3628,885223.4832333333,885223.511479708,1920,1080,96.115
3629,885223.5002333333,885223.528456625,1920,1080,96.0925
3630,885223.5172333333,885223.542698958,1920,1080,96.065
3631,885223.5332666667,885223.558821125,1920,1080,96.0925
3632,885223.5502333334,885223.574922416,1920,1080,96.0425
3633,885223.5672333334,885223.59081375,1920,1080,96.0225
3634,885223.5832333333,885223.608833791,1920,1080,95.955
3635,885223.6002333333,885223.623097583,1920,1080,95.965
3636,885223.6162333334,885223.640690291,1920,1080,95.9675
3637,885223.6332666667,885223.655449291,1920,1080,96.1
3638,885223.6502333333,885223.673033833,1920,1080,96.1575
3639,885223.6662666666,885223.692740125,1920,1080,96.0225
3640,885223.6832333333,885223.707236,1920,1080,96.0525
3641,885223.7002333333,885223.721625583,1920,1080,95.925
3642,885223.7162333333,885223.738050041,1920,1080,95.91
3643,885223.7332333333,885223.7699475,1920,1080,96.0425
3644,885223.7502333333,885223.783867125,1920,1080,95.805
3645,885223.7672333333,885223.800910291,1920,1080,95.89
3646,885223.7842666666,885223.81617475,1920,1080,95.7625
3647,885223.8002666667,885223.831917041,1920,1080,95.8075
3648,885223.8172333334,885223.848689291,1920,1080,95.74
3649,885223.8342333334,885223.862293875,1920,1080,95.63
3650,885223.8502333333,885223.8802,1920,1080,95.6425
3651,885223.8672333333,885223.899450583,1920,1080,95.6175
3652,885223.8832666667,885223.916337,1920,1080,95.5925
3653,885223.9002666667,885223.930057708,1920,1080,95.5925
3654,885223.9172333333,885223.944090458,1920,1080,95.57
3655,885223.9332333333,885223.96107675,1920,1080,95.5975
3656,885223.9502333333,885223.978454,1920,1080,95.62
3657,885223.9672666667,885223.994156125,1920,1080,95.4675
3658,885223.9832333333,885224.009523833,1920,1080,95.54
3659,885224.0002333333,885224.023950458,1920,1080,95.6125
3660,885224.0162333334,885224.040171,1920,1080,95.3675
3661,885224.0332333334,885224.058354416,1920,1080,95.48
3662,885224.0502333334,885224.072277708,1920,1080,95.42
3663,885224.0672333334,885224.094260416,1920,1080,95.3225
3664,885224.0832333333,885224.104179875,1920,1080,95.3925
3665,885224.1002333333,885224.118575583,1920,1080,95.3725
3666,885224.1172333333,885224.136263625,1920,1080,95.36
3667,885224.1332333334,885224.167200791,1920,1080,95.4275
3668,885224.1502333333,885224.184244583,1920,1080,95.42
3669,885224.1672333333,885224.200722083,1920,1080,95.3475
3670,885224.1832333333,885224.220690041,1920,1080,95.355
3671,885224.2002333333,885224.229465041,1920,1080,95.3625
3672,885224.2162333333,885224.246081583,1920,1080,95.36
3673,885224.2342333334,885224.262161541,1920,1080,95.29
3674,885224.2512333334,885224.278282708,1920,1080,95.175
3675,885224.2672333333,885224.296713041,1920,1080,95.2525
3676,885224.2842333333,885224.312139166,1920,1080,95.3475
3677,885224.3012333333,885224.329168458,1920,1080,95.4375
3678,885224.3172333334,885224.344398625,1920,1080,95.27
3679,885224.3342333334,885224.360480541,1920,1080,95.1975
3680,885224.3502333333,885224.380031083,1920,1080,95.085
3681,885224.3672333333,885224.391011541,1920,1080,95.0125
3682,885224.3842666667,885224.407300958,1920,1080,95.1975
3683,885224.4002333333,885224.425585791,1920,1080,95.15
3684,885224.4172666667,885224.440460666,1920,1080,94.9075
3685,885224.4342666666,885224.455590541,1920,1080,95.065
3686,885224.4502333333,885224.470546791,1920,1080,95.0375
3687,885224.4672333334,885224.4930575,1920,1080,95.07
3688,885224.4832333333,885224.505192,1920,1080,95.015
3689,885224.5002333333,885224.5232245,1920,1080,95.1775
3690,885224.5172333333,885224.536820125,1920,1080,95.1275
3691,885224.5332333334,885224.56919125,1920,1080,95.11
3692,885224.5502333334,885224.583513375,1920,1080,95.055
3693,885224.5672333334,885224.600166,1920,1080,95.17
3694,885224.5832333333,885224.619406541,1920,1080,95.1075
3695,885224.6002333333,885224.630293166,1920,1080,94.9925
3696,885224.6162333334,885224.64770575,1920,1080,94.9225
3697,885224.6332333334,885224.662505416,1920,1080,94.8925
3698,885224.6502333333,885224.680048875,1920,1080,94.9625
3699,885224.6662333333,885224.696009625,1920,1080,94.94
3700,885224.6832333333,885224.717421541,1920,1080,94.94
3701,885224.7002333333,885224.735134041,1920,1080,94.9325
3702,885224.7162333333,885224.744857916,1920,1080,95.04
3703,885224.7332333333,885224.760942833,1920,1080,95.115
3704,885224.7492333333,885224.780064833,1920,1080,95.07
3705,885224.7662333334,885224.794035791,1920,1080,95.1225
3706,885224.7832333334,885224.812250958,1920,1080,95.1625
3707,885224.8002333334,885224.829096833,1920,1080,95.2475
3708,885224.8162333333,885224.839854208,1920,1080,95.26
3709,885224.8332333333,885224.855364708,1920,1080,95.27
3710,885224.8502333333,885224.873513083,1920,1080,95.0475
3711,885224.8662333334,885224.888380416,1920,1080,95.0275
3712,885224.8832333334,885224.907588958,1920,1080,95.0575
3713,885224.9002333333,885224.922034375,1920,1080,95.0325
3714,885224.9172333333,885224.935706916,1920,1080,95.1175
3715,885224.9342333333,885224.96811175,1920,1080,95.17
3716,885224.9512333333,885224.983718291,1920,1080,95.04
3717,885224.9682333333,885225.000485208,1920,1080,94.895
3718,885224.9842333334,885225.016876208,1920,1080,95.0025
3719,885225.0012333334,885225.031048041,1920,1080,95.07
3720,885225.0172333333,885225.046691166,1920,1080,95.1075
3721,885225.0342333333,885225.062714416,1920,1080,95.1725
3722,885225.0512333333,885225.078597125,1920,1080,95.235
3723,885225.0672333334,885225.095455208,1920,1080,95.23
3724,885225.0842333334,885225.113106125,1920,1080,95.34
3725,885225.1012333333,885225.127767791,1920,1080,95.3825
3726,885225.1172333333,885225.143133,1920,1080,95.4475
3727,885225.1342333333,885225.158962458,1920,1080,95.5725
3728,885225.1502333333,885225.175082166,1920,1080,95.615
3729,885225.1672333333,885225.192497,1920,1080,95.5325
3730,885225.1842333333,885225.208324333,1920,1080,95.5925
3731,885225.2002333333,885225.224580541,1920,1080,95.655
3732,885225.2172333334,885225.239819125,1920,1080,95.7475
3733,885225.2342333334,885225.261912041,1920,1080,95.7275
3734,885225.2502333333,885225.271333958,1920,1080,95.8425
3735,885225.2672333333,885225.287920666,1920,1080,95.8725
3736,885225.2832333334,885225.3046045,1920,1080,95.82
3737,885225.3002333334,885225.325563208,1920,1080,95.9425
3738,885225.3172333334,885225.334399625,1920,1080,95.995
3739,885225.3332333333,885225.369851625,1920,1080,96.075
3740,885225.3502333333,885225.386066458,1920,1080,96.1175
3741,885225.3672333333,885225.398243083,1920,1080,96.1775
3742,885225.3832333334,885225.414026,1920,1080,96.2925
3743,885225.4002333333,885225.431998041,1920,1080,96.2625
3744,885225.4162333333,885225.446163625,1920,1080,96.375
3745,885225.4332333333,885225.461792583,1920,1080,96.425
3746,885225.4502333333,885225.478693583,1920,1080,96.415
3747,885225.4662333333,885225.49525325,1920,1080,96.525
3748,885225.4832333333,885225.510444458,1920,1080,96.5075
3749,885225.5002333333,885225.52878775,1920,1080,96.5225
3750,885225.5162333334,885225.544043041,1920,1080,96.6325
3751,885225.5332333334,885225.558538625,1920,1080,96.66
3752,885225.5492333333,885225.575479958,1920,1080,96.645
3753,885225.5662333333,885225.592076291,1920,1080,96.835
3754,885225.5832333333,885225.6082575,1920,1080,96.9025
3755,885225.6002333333,885225.623284625,1920,1080,97.075
3756,885225.6172333333,885225.64006275,1920,1080,97.0425
3757,885225.6342333333,885225.655244708,1920,1080,96.975
3758,885225.6502333333,885225.671591416,1920,1080,97.1475
3759,885225.6672333333,885225.687544041,1920,1080,97.205
3760,885225.6832333333,885225.703614458,1920,1080,97.2625
3761,885225.7002333333,885225.725616,1920,1080,97.4075
3762,885225.7172333334,885225.738507208,1920,1080,97.335
3763,885225.7332333333,885225.769296666,1920,1080,97.2625
3764,885225.7502333333,885225.78440025,1920,1080,97.385
3765,885225.7672333333,885225.802503583,1920,1080,97.42
3766,885225.7832333334,885225.815710458,1920,1080,97.4175
3767,885225.8002333334,885225.835064166,1920,1080,97.4125
3768,885225.8162333333,885225.850323458,1920,1080,97.385
3769,885225.8332333333,885225.86279325,1920,1080,97.375
3770,885225.8502333333,885225.879742541,1920,1080,97.385
3771,885225.8662333334,885225.894974458,1920,1080,97.45
3772,885225.8832333334,885225.911581458,1920,1080,97.455
3773,885225.9002333333,885225.935995875,1920,1080,97.465
3774,885225.9162333333,885225.945523958,1920,1080,97.55
3775,885225.9332333333,885225.959103083,1920,1080,97.5925
3776,885225.9492333333,885225.975289583,1920,1080,97.72
3777,885225.9662333333,885225.992656375,1920,1080,97.78
3778,885225.9832333333,885226.00997975,1920,1080,97.8575
3779,885225.9992333333,885226.024594291,1920,1080,97.9625
3780,885226.0162333334,885226.039715041,1920,1080,98.0275
3781,885226.0332333334,885226.05885475,1920,1080,98.0575
3782,885226.0492333333,885226.073466,1920,1080,98.105
3783,885226.0662333333,885226.087682458,1920,1080,98.075
3784,885226.0832333333,885226.104584458,1920,1080,98.1275
3785,885226.1002333333,885226.125575,1920,1080,98.3475
3786,885226.1172333333,885226.150891291,1920,1080,98.3675
3787,885226.1342333333,885226.170125333,1920,1080,98.2325
3788,885226.1502333333,885226.184197541,1920,1080,98.265
3789,885226.1672333333,885226.1994945,1920,1080,98.495
3790,885226.1842333333,885226.216103791,1920,1080,98.3275
3791,885226.2002333333,885226.23288225,1920,1080,98.1625
3792,885226.2172333334,885226.246038625,1920,1080,98.1225
3793,885226.2342333334,885226.262519625,1920,1080,97.945
3794,885226.2512333334,885226.279718333,1920,1080,97.8175
3795,885226.2672333333,885226.295425166,1920,1080,97.5975
3796,885226.2842333333,885226.3115575,1920,1080,97.61
3797,885226.3012333333,885226.331247708,1920,1080,97.4425
3798,885226.3172333334,885226.344601541,1920,1080,97.3225
3799,885226.3342333334,885226.358367833,1920,1080,97.32
3800,885226.3502333333,885226.375965625,1920,1080,97.1475
3801,885226.3672333333,885226.392357791,1920,1080,96.94
3802,885226.3842333333,885226.409370375,1920,1080,97.2475
3803,885226.4002333333,885226.422163458,1920,1080,97.0675
3804,885226.4172333333,885226.440164333,1920,1080,97.0125
3805,885226.4342333333,885226.455190833,1920,1080,97.0825
3806,885226.4502333333,885226.472448666,1920,1080,96.9625
3807,885226.4672333334,885226.4890815,1920,1080,96.9325
3808,885226.4832333333,885226.504247875,1920,1080,96.6475
3809,885226.5002333333,885226.519852541,1920,1080,96.6375
3810,885226.5172333333,885226.539267916,1920,1080,96.6375
3811,885226.5332333334,885226.570309208,1920,1080,96.655
3812,885226.5502333334,885226.584269333,1920,1080,96.5675
3813,885226.5672333334,885226.598945083,1920,1080,96.35
3814,885226.5832333333,885226.619742916,1920,1080,96.465
3815,885226.6002333333,885226.631382791,1920,1080,96.4525
3816,885226.6162333334,885226.652814458,1920,1080,96.47
3817,885226.6332333334,885226.66357325,1920,1080,96.4625
3818,885226.6502333333,885226.678945,1920,1080,96.37
3819,885226.6662333333,885226.696764375,1920,1080,96.3525
3820,885226.6832333333,885226.711091291,1920,1080,96.3225
3821,885226.7002333333,885226.72812175,1920,1080,96.2175
3822,885226.7162333333,885226.742743,1920,1080,96.285
3823,885226.7332333333,885226.770076291,1920,1080,96.2875
3824,885226.7492333333,885226.774602833,1920,1080,96.285
3825,885226.7662333334,885226.792261541,1920,1080,96.2875
3826,885226.7832333334,885226.808605291,1920,1080,96.235
3827,885226.7992333333,885226.823561708,1920,1080,96.22
3828,885226.8162333333,885226.841494166,1920,1080,96.1
3829,885226.8332333333,885226.856333833,1920,1080,96.07
3830,885226.8502333333,885226.871066083,1920,1080,96.1125
3831,885226.8662333334,885226.889119791,1920,1080,96.07
3832,885226.8832333334,885226.903813791,1920,1080,95.9925
3833,885226.9002333333,885226.920511375,1920,1080,95.875
3834,885226.9162333333,885226.936943625,1920,1080,95.92
3835,885226.9342333333,885226.975587,1920,1080,95.905
3836,885226.9512333333,885226.992028916,1920,1080,95.94
3837,885226.9682333333,885227.000218416,1920,1080,95.8675
3838,885226.9842333334,885227.015311416,1920,1080,95.885
3839,885227.0012333334,885227.032212208,1920,1080,95.8225
3840,885227.0172333333,885227.049213583,1920,1080,95.895
3841,885227.0342333333,885227.063823208,1920,1080,95.8
3842,885227.0512333333,885227.081125458,1920,1080,95.8725
3843,885227.0672333334,885227.096636583,1920,1080,95.9125
3844,885227.0842333334,885227.112408625,1920,1080,95.8
3845,885227.1012333333,885227.131941125,1920,1080,95.825
3846,885227.1172333333,885227.14362775,1920,1080,95.88
3847,885227.1342333333,885227.16260275,1920,1080,95.6475
3848,885227.1502333333,885227.1793865,1920,1080,95.715
3849,885227.1672333333,885227.192025,1920,1080,95.75
3850,885227.1842333333,885227.20816525,1920,1080,95.7175
3851,885227.2002333333,885227.222158333,1920,1080,95.655
3852,885227.2172333334,885227.240481166,1920,1080,95.5775
3853,885227.2342333334,885227.254756833,1920,1080,95.595
3854,885227.2502333333,885227.272165666,1920,1080,95.5575
3855,885227.2672333333,885227.287898833,1920,1080,95.6725
3856,885227.2832333334,885227.302500708,1920,1080,95.685
3857,885227.3002333334,885227.321072125,1920,1080,95.7425
3858,885227.3172333334,885227.33612625,1920,1080,95.6825
3859,885227.3332333333,885227.367523166,1920,1080,95.8175
3860,885227.3502333333,885227.385052208,1920,1080,95.7425
3861,885227.3672333333,885227.402775791,1920,1080,95.71
3862,885227.3832333334,885227.414932208,1920,1080,95.6575
3863,885227.4002333333,885227.432383458,1920,1080,95.64
3864,885227.4162333333,885227.447100375,1920,1080,95.5275
3865,885227.4332333333,885227.461960333,1920,1080,95.4525
3866,885227.4502333333,885227.47940725,1920,1080,95.6025
3867,885227.4662333333,885227.496599416,1920,1080,95.4925
3868,885227.4832333333,885227.511760625,1920,1080,95.545
3869,885227.5002333333,885227.530088166,1920,1080,95.55
3870,885227.5162333334,885227.543309875,1920,1080,95.6125
3871,885227.5332333334,885227.561206041,1920,1080,95.695
3872,885227.5502333334,885227.5826955,1920,1080,95.615
3873,885227.5672333334,885227.592859125,1920,1080,95.565
3874,885227.5832333333,885227.608412291,1920,1080,95.56
3875,885227.6002333333,885227.62292175,1920,1080,95.5375
3876,885227.6162333334,885227.640641583,1920,1080,95.715
3877,885227.6342333333,885227.654520833,1920,1080,95.6925
3878,885227.6512333333,885227.67199725,1920,1080,95.675
3879,885227.6672333333,885227.693008791,1920,1080,95.585
3880,885227.6842333333,885227.703134541,1920,1080,95.62
3881,885227.7012333333,885227.718884666,1920,1080,95.6
3882,885227.7172333334,885227.750507875,1920,1080,95.62
3883,885227.7342333334,885227.767195333,1920,1080,95.56
3884,885227.7502333333,885227.787226583,1920,1080,95.5
3885,885227.7672333333,885227.800489416,1920,1080,95.5525
3886,885227.7842333333,885227.8182075,1920,1080,95.5925
3887,885227.8002333334,885227.830204875,1920,1080,95.4575
3888,885227.8172333334,885227.846583708,1920,1080,95.4575
3889,885227.8342333334,885227.862604125,1920,1080,95.4975
3890,885227.8502333333,885227.879454625,1920,1080,95.48
3891,885227.8672333333,885227.895895125,1920,1080,95.5775
3892,885227.8832333334,885227.911460625,1920,1080,95.5475
3893,885227.9002333333,885227.927322291,1920,1080,95.5175
3894,885227.9172333333,885227.943345083,1920,1080,95.6
3895,885227.9332333333,885227.960021,1920,1080,95.605
3896,885227.9502333333,885227.9825275,1920,1080,95.53
3897,885227.9672333334,885227.994710958,1920,1080,95.62
3898,885227.9832333333,885228.012027958,1920,1080,95.695
3899,885228.0002333333,885228.025346125,1920,1080,95.745
